JobIDRaw,JobName,State,ElapsedRaw,TotalCPU,CPUTimeRAW,UserCPU,SystemCPU,MaxRSS,MaxVMSize,AveRSS,AllocCPUS,ReqMem,ExitCode,NodeList
3036763,alg_synlit,COMPLETED,1636,35:06.700,6544,32:43.530,02:23.170,,,,4,25165824K,0:0,r9nc-24-1
3036763.batch,batch,COMPLETED,1636,35:06.698,6544,32:43.530,02:23.168,610244K,0,610244K,4,,0:0,r9nc-24-1
3036763.extern,extern,COMPLETED,1636,00:00.001,6544,00:00:00,00:00.001,256K,0,256K,4,,0:0,r9nc-24-1
3036764,alg_synlit,COMPLETED,1679,36:02.237,6716,33:37.667,02:24.569,,,,4,25165824K,0:0,r9nc-24-2
3036764.batch,batch,COMPLETED,1679,36:02.235,6716,33:37.667,02:24.567,616764K,0,616764K,4,,0:0,r9nc-24-2
3036764.extern,extern,COMPLETED,1679,00:00.001,6716,00:00:00,00:00.001,256K,0,256K,4,,0:0,r9nc-24-2
3036765,alg_synlit,COMPLETED,1636,34:50.480,6544,32:27.270,02:23.210,,,,4,25165824K,0:0,r9nc-24-3
3036765.batch,batch,COMPLETED,1636,34:50.479,6544,32:27.270,02:23.208,602424K,0,602424K,4,,0:0,r9nc-24-3
3036765.extern,extern,COMPLETED,1636,00:00.001,6544,00:00:00,00:00.001,256K,0,256K,4,,0:0,r9nc-24-3
3036766,alg_synlit,COMPLETED,1643,34:46.124,6572,32:20.407,02:25.716,,,,4,25165824K,0:0,r9nc-24-5
3036766.batch,batch,COMPLETED,1643,34:46.122,6572,32:20.406,02:25.715,606064K,0,606064K,4,,0:0,r9nc-24-5
3036766.extern,extern,COMPLETED,1643,00:00.001,6572,00:00:00,00:00:00,256K,0,256K,4,,0:0,r9nc-24-5
3036767,alg_synlit,COMPLETED,1604,34:47.901,6416,32:18.595,02:29.305,,,,4,25165824K,0:0,r9nc-24-7
3036767.batch,batch,COMPLETED,1604,34:47.898,6416,32:18.593,02:29.304,613448K,0,613448K,4,,0:0,r9nc-24-7
3036767.extern,extern,COMPLETED,1604,00:00.003,6416,00:00.002,00:00.001,256K,0,256K,4,,0:0,r9nc-24-7
3036768,alg_synlit,COMPLETED,1682,35:32.447,6728,33:09.818,02:22.628,,,,4,25165824K,0:0,r9nc-24-8
3036768.batch,batch,COMPLETED,1682,35:32.445,6728,33:09.818,02:22.627,613932K,0,613932K,4,,0:0,r9nc-24-8
3036768.extern,extern,COMPLETED,1682,00:00.001,6728,00:00:00,00:00.001,0,0,0,4,,0:0,r9nc-24-8
3036769,alg_synlit,COMPLETED,1641,34:57.011,6564,32:31.956,02:25.055,,,,4,25165824K,0:0,r9nc-24-9
3036769.batch,batch,COMPLETED,1641,34:57.010,6564,32:31.955,02:25.055,625276K,0,625276K,4,,0:0,r9nc-24-9
3036769.extern,extern,COMPLETED,1641,00:00.001,6564,00:00.001,00:00:00,256K,0,256K,4,,0:0,r9nc-24-9
3036770,alg_synlit,COMPLETED,1608,34:25.293,6432,31:58.209,02:27.083,,,,4,25165824K,0:0,r9nc-24-10
3036770.batch,batch,COMPLETED,1608,34:25.290,6432,31:58.208,02:27.081,631356K,0,631356K,4,,0:0,r9nc-24-10
3036770.extern,extern,COMPLETED,1608,00:00.003,6432,00:00.001,00:00.002,256K,0,256K,4,,0:0,r9nc-24-10
3036771,alg_synlit,COMPLETED,1594,34:14.549,6376,31:51.354,02:23.194,,,,4,25165824K,0:0,r9nc-24-12
3036771.batch,batch,COMPLETED,1594,34:14.545,6376,31:51.354,02:23.190,622284K,0,622284K,4,,0:0,r9nc-24-12
3036771.extern,extern,COMPLETED,1594,00:00.003,6376,00:00:00,00:00.003,256K,0,256K,4,,0:0,r9nc-24-12
3036772,alg_synlit,COMPLETED,1674,36:29.346,6696,34:08.083,02:21.263,,,,4,25165824K,0:0,r9nc-24-1
3036772.batch,batch,COMPLETED,1674,36:29.344,6696,34:08.083,02:21.261,613940K,0,613940K,4,,0:0,r9nc-24-1
3036772.extern,extern,COMPLETED,1674,00:00.001,6696,00:00:00,00:00.001,256K,0,256K,4,,0:0,r9nc-24-1
3036773,alg_synlit,COMPLETED,1637,35:58.469,6548,33:37.737,02:20.732,,,,4,25165824K,0:0,r9nc-24-2
3036773.batch,batch,COMPLETED,1637,35:58.468,6548,33:37.736,02:20.732,602760K,0,602760K,4,,0:0,r9nc-24-2
3036773.extern,extern,COMPLETED,1637,00:00.001,6548,00:00.001,00:00:00,256K,0,256K,4,,0:0,r9nc-24-2
3036774,alg_synlit,COMPLETED,1678,36:09.109,6712,33:50.045,02:19.064,,,,4,25165824K,0:0,r9nc-24-3
3036774.batch,batch,COMPLETED,1678,36:09.108,6712,33:50.045,02:19.062,608724K,0,608724K,4,,0:0,r9nc-24-3
3036774.extern,extern,COMPLETED,1678,00:00.001,6712,00:00:00,00:00.001,256K,0,256K,4,,0:0,r9nc-24-3
3036775,alg_synlit,COMPLETED,1691,00:37:32,6764,35:10.744,02:21.256,,,,4,25165824K,0:0,r9nc-24-4
3036775.batch,batch,COMPLETED,1691,37:31.999,6764,35:10.744,02:21.255,624000K,0,624000K,4,,0:0,r9nc-24-4
3036775.extern,extern,COMPLETED,1691,00:00.001,6764,00:00:00,00:00.001,256K,0,256K,4,,0:0,r9nc-24-4
3036776,alg_synlit,COMPLETED,1736,37:36.718,6944,35:13.129,02:23.589,,,,4,25165824K,0:0,r9nc-24-5
3036776.batch,batch,COMPLETED,1736,37:36.717,6944,35:13.129,02:23.588,624252K,0,624252K,4,,0:0,r9nc-24-5
3036776.extern,extern,COMPLETED,1736,00:00.001,6944,00:00:00,00:00.001,256K,0,256K,4,,0:0,r9nc-24-5
3036777,alg_synlit,COMPLETED,1652,35:56.537,6608,33:30.696,02:25.840,,,,4,25165824K,0:0,r9nc-24-7
3036777.batch,batch,COMPLETED,1652,35:56.533,6608,33:30.696,02:25.837,634204K,0,634204K,4,,0:0,r9nc-24-7
3036777.extern,extern,COMPLETED,1652,00:00.003,6608,00:00:00,00:00.003,256K,0,256K,4,,0:0,r9nc-24-7
3036778,alg_synlit,COMPLETED,1694,36:42.046,6776,34:22.013,02:20.032,,,,4,25165824K,0:0,r9nc-24-8
3036778.batch,batch,COMPLETED,1694,36:42.044,6776,34:22.013,02:20.031,623972K,0,623972K,4,,0:0,r9nc-24-8
3036778.extern,extern,COMPLETED,1694,00:00.001,6776,00:00:00,00:00.001,256K,0,256K,4,,0:0,r9nc-24-8
3036779,alg_synlit,COMPLETED,1675,36:37.612,6700,34:16.875,02:20.736,,,,4,25165824K,0:0,r9nc-24-9
3036779.batch,batch,COMPLETED,1675,36:37.611,6700,34:16.875,02:20.736,609620K,0,609620K,4,,0:0,r9nc-24-9
3036779.extern,extern,COMPLETED,1675,00:00.001,6700,00:00:00,00:00:00,0,0,0,4,,0:0,r9nc-24-9
3036780,alg_synlit,COMPLETED,1657,36:24.002,6628,34:01.702,02:22.300,,,,4,25165824K,0:0,r9nc-24-10
3036780.batch,batch,COMPLETED,1657,36:23.999,6628,34:01.701,02:22.298,620084K,0,620084K,4,,0:0,r9nc-24-10
3036780.extern,extern,COMPLETED,1657,00:00.003,6628,00:00.001,00:00.002,256K,0,256K,4,,0:0,r9nc-24-10
3036781,alg_synlit,COMPLETED,1639,35:30.040,6556,33:07.240,02:22.799,,,,4,25165824K,0:0,r9nc-24-12
3036781.batch,batch,COMPLETED,1639,35:30.036,6556,33:07.240,02:22.796,629200K,0,629200K,4,,0:0,r9nc-24-12
3036781.extern,extern,COMPLETED,1639,00:00.003,6556,00:00:00,00:00.003,0,0,0,4,,0:0,r9nc-24-12
3036782,alg_synlit,COMPLETED,1688,36:31.653,6752,34:07.718,02:23.935,,,,4,25165824K,0:0,r9nc-24-11
3036782.batch,batch,COMPLETED,1688,36:31.650,6752,34:07.718,02:23.932,632028K,0,632028K,4,,0:0,r9nc-24-11
3036782.extern,extern,COMPLETED,1688,00:00.003,6752,00:00:00,00:00.003,256K,0,256K,4,,0:0,r9nc-24-11
3036783,alg_synlit,COMPLETED,1695,37:04.346,6780,34:44.054,02:20.292,,,,4,25165824K,0:0,r9nc-24-6
3036783.batch,batch,COMPLETED,1695,37:04.345,6780,34:44.054,02:20.290,635596K,0,635596K,4,,0:0,r9nc-24-6
3036783.extern,extern,COMPLETED,1695,00:00.001,6780,00:00:00,00:00.001,256K,0,256K,4,,0:0,r9nc-24-6
3036784,alg_synlit,COMPLETED,1716,37:30.615,6864,35:09.433,02:21.181,,,,4,25165824K,0:0,r9nc-24-1
3036784.batch,batch,COMPLETED,1716,37:30.613,6864,35:09.433,02:21.180,609604K,0,609604K,4,,0:0,r9nc-24-1
3036784.extern,extern,COMPLETED,1716,00:00.001,6864,00:00:00,00:00.001,256K,0,256K,4,,0:0,r9nc-24-1
3036785,alg_synlit,COMPLETED,1713,37:43.335,6852,35:20.854,02:22.481,,,,4,25165824K,0:0,r9nc-24-2
3036785.batch,batch,COMPLETED,1713,37:43.333,6852,35:20.854,02:22.479,615756K,0,615756K,4,,0:0,r9nc-24-2
3036785.extern,extern,COMPLETED,1713,00:00.001,6852,00:00:00,00:00.001,256K,0,256K,4,,0:0,r9nc-24-2
3036786,alg_synlit,COMPLETED,1668,36:21.343,6672,34:01.542,02:19.800,,,,4,25165824K,0:0,r9nc-24-3
3036786.batch,batch,COMPLETED,1668,36:21.341,6672,34:01.542,02:19.799,615492K,0,615492K,4,,0:0,r9nc-24-3
3036786.extern,extern,COMPLETED,1668,00:00.001,6672,00:00:00,00:00.001,256K,0,256K,4,,0:0,r9nc-24-3
3036787,alg_synlit,COMPLETED,1726,38:23.578,6904,36:02.866,02:20.711,,,,4,25165824K,0:0,r9nc-24-4
3036787.batch,batch,COMPLETED,1726,38:23.576,6904,36:02.866,02:20.710,619992K,0,619992K,4,,0:0,r9nc-24-4
3036787.extern,extern,COMPLETED,1726,00:00.001,6904,00:00:00,00:00.001,256K,0,256K,4,,0:0,r9nc-24-4
3036788,alg_synlit,COMPLETED,1687,37:03.560,6748,34:44.242,02:19.317,,,,4,25165824K,0:0,r9nc-24-5
3036788.batch,batch,COMPLETED,1687,37:03.558,6748,34:44.242,02:19.316,617972K,0,617972K,4,,0:0,r9nc-24-5
3036788.extern,extern,COMPLETED,1688,00:00.001,6752,00:00:00,00:00.001,256K,0,256K,4,,0:0,r9nc-24-5
3036789,alg_synlit,COMPLETED,1703,38:19.022,6812,35:53.373,02:25.648,,,,4,25165824K,0:0,r9nc-24-7
3036789.batch,batch,COMPLETED,1703,38:19.019,6812,35:53.373,02:25.645,612684K,0,612684K,4,,0:0,r9nc-24-7
3036789.extern,extern,COMPLETED,1703,00:00.003,6812,00:00:00,00:00.003,0,0,0,4,,0:0,r9nc-24-7
3036790,alg_synlit,COMPLETED,1696,36:43.095,6784,34:23.465,02:19.629,,,,4,25165824K,0:0,r9nc-24-8
3036790.batch,batch,COMPLETED,1696,36:43.094,6784,34:23.465,02:19.628,622992K,0,622992K,4,,0:0,r9nc-24-8
3036790.extern,extern,COMPLETED,1696,00:00.001,6784,00:00:00,00:00.001,256K,0,256K,4,,0:0,r9nc-24-8
3036791,alg_synlit,COMPLETED,1664,36:35.611,6656,34:12.432,02:23.178,,,,4,25165824K,0:0,r9nc-24-9
3036791.batch,batch,COMPLETED,1664,36:35.609,6656,34:12.432,02:23.176,600680K,0,600680K,4,,0:0,r9nc-24-9
3036791.extern,extern,COMPLETED,1664,00:00.001,6656,00:00:00,00:00.001,256K,0,256K,4,,0:0,r9nc-24-9
3036792,alg_synlit,COMPLETED,1654,36:32.579,6616,34:07.997,02:24.582,,,,4,25165824K,0:0,r9nc-24-10
3036792.batch,batch,COMPLETED,1654,36:32.576,6616,34:07.997,02:24.579,614416K,0,614416K,4,,0:0,r9nc-24-10
3036792.extern,extern,COMPLETED,1654,00:00.003,6616,00:00:00,00:00.003,256K,0,256K,4,,0:0,r9nc-24-10
3036921,alg_synlit,COMPLETED,1632,36:17.371,6528,33:57.592,02:19.778,,,,4,25165824K,0:0,r9nc-24-9
3036921.batch,batch,COMPLETED,1632,36:17.370,6528,33:57.592,02:19.777,605156K,0,605156K,4,,0:0,r9nc-24-9
3036921.extern,extern,COMPLETED,1632,00:00.001,6528,00:00:00,00:00.001,256K,0,256K,4,,0:0,r9nc-24-9
3036922,alg_synlit,COMPLETED,1667,36:53.050,6668,34:33.340,02:19.709,,,,4,25165824K,0:0,r9nc-24-8
3036922.batch,batch,COMPLETED,1667,36:53.049,6668,34:33.340,02:19.708,604280K,0,604280K,4,,0:0,r9nc-24-8
3036922.extern,extern,COMPLETED,1667,00:00.001,6668,00:00:00,00:00.001,256K,0,256K,4,,0:0,r9nc-24-8
3036923,alg_synlit,COMPLETED,1690,37:10.796,6760,34:50.287,02:20.508,,,,4,25165824K,0:0,r9nc-24-10
3036923.batch,batch,COMPLETED,1690,37:10.793,6760,34:50.287,02:20.506,612280K,0,612280K,4,,0:0,r9nc-24-10
3036923.extern,extern,COMPLETED,1690,00:00.002,6760,00:00:00,00:00.002,256K,0,256K,4,,0:0,r9nc-24-10
3036924,alg_synlit,COMPLETED,1614,36:34.120,6456,34:14.035,02:20.084,,,,4,25165824K,0:0,r9nc-24-11
3036924.batch,batch,COMPLETED,1614,36:34.117,6456,34:14.035,02:20.082,617816K,0,617816K,4,,0:0,r9nc-24-11
3036924.extern,extern,COMPLETED,1614,00:00.002,6456,00:00:00,00:00.002,256K,0,256K,4,,0:0,r9nc-24-11
3036925,alg_synlit,COMPLETED,1644,36:10.859,6576,33:50.544,02:20.314,,,,4,25165824K,0:0,r9nc-24-6
3036925.batch,batch,COMPLETED,1644,36:10.857,6576,33:50.544,02:20.313,598792K,0,598792K,4,,0:0,r9nc-24-6
3036925.extern,extern,COMPLETED,1644,00:00.001,6576,00:00:00,00:00.001,256K,0,256K,4,,0:0,r9nc-24-6
3036926,alg_synlit,COMPLETED,1658,36:30.328,6632,34:10.498,02:19.830,,,,4,25165824K,0:0,r9nc-24-8
3036926.batch,batch,COMPLETED,1658,36:30.327,6632,34:10.498,02:19.829,600272K,0,600272K,4,,0:0,r9nc-24-8
3036926.extern,extern,COMPLETED,1658,00:00.001,6632,00:00:00,00:00.001,256K,0,256K,4,,0:0,r9nc-24-8
3036927,alg_synlit,COMPLETED,1618,34:44.039,6472,32:22.614,02:21.424,,,,4,25165824K,0:0,r9nc-24-1
3036927.batch,batch,COMPLETED,1618,34:44.037,6472,32:22.614,02:21.423,597888K,0,597888K,4,,0:0,r9nc-24-1
3036927.extern,extern,COMPLETED,1619,00:00.001,6476,00:00:00,00:00.001,256K,0,256K,4,,0:0,r9nc-24-1
3036928,alg_synlit,COMPLETED,1601,34:54.765,6404,32:29.182,02:25.582,,,,4,25165824K,0:0,r9nc-24-7
3036928.batch,batch,COMPLETED,1601,34:54.761,6404,32:29.182,02:25.579,611604K,0,611604K,4,,0:0,r9nc-24-7
3036928.extern,extern,COMPLETED,1601,00:00.003,6404,00:00:00,00:00.003,256K,0,256K,4,,0:0,r9nc-24-7
3036929,alg_synlit,COMPLETED,1590,34:37.345,6360,32:13.275,02:24.069,,,,4,25165824K,0:0,r9nc-24-12
3036929.batch,batch,COMPLETED,1590,34:37.342,6360,32:13.273,02:24.068,600696K,0,600696K,4,,0:0,r9nc-24-12
3036929.extern,extern,COMPLETED,1590,00:00.002,6360,00:00.001,00:00.001,256K,0,256K,4,,0:0,r9nc-24-12
3036930,alg_synlit,COMPLETED,1673,36:50.353,6692,34:27.898,02:22.455,,,,4,25165824K,0:0,r9nc-24-3
3036930.batch,batch,COMPLETED,1673,36:50.352,6692,34:27.898,02:22.453,615096K,0,615096K,4,,0:0,r9nc-24-3
3036930.extern,extern,COMPLETED,1673,00:00.001,6692,00:00:00,00:00.001,256K,0,256K,4,,0:0,r9nc-24-3
3036931,alg_synlit,COMPLETED,1685,37:21.487,6740,34:59.320,02:22.167,,,,4,25165824K,0:0,r9nc-24-12
3036931.batch,batch,COMPLETED,1685,37:21.484,6740,34:59.319,02:22.165,607176K,0,607176K,4,,0:0,r9nc-24-12
3036931.extern,extern,COMPLETED,1685,00:00.003,6740,00:00:00,00:00.002,256K,0,256K,4,,0:0,r9nc-24-12
3036932,alg_synlit,COMPLETED,1642,36:07.404,6568,33:48.770,02:18.633,,,,4,25165824K,0:0,r9nc-24-4
3036932.batch,batch,COMPLETED,1642,36:07.403,6568,33:48.770,02:18.632,611644K,0,611644K,4,,0:0,r9nc-24-4
3036932.extern,extern,COMPLETED,1642,00:00.001,6568,00:00:00,00:00.001,256K,0,256K,4,,0:0,r9nc-24-4
3036933,alg_synlit,COMPLETED,1665,36:48.371,6660,34:26.903,02:21.467,,,,4,25165824K,0:0,r9nc-24-4
3036933.batch,batch,COMPLETED,1665,36:48.369,6660,34:26.902,02:21.466,612736K,0,612736K,4,,0:0,r9nc-24-4
3036933.extern,extern,COMPLETED,1665,00:00.001,6660,00:00:00,00:00:00,256K,0,256K,4,,0:0,r9nc-24-4
3036934,alg_synlit,COMPLETED,1612,36:03.391,6448,33:44.971,02:18.420,,,,4,25165824K,0:0,r9nc-24-12
3036934.batch,batch,COMPLETED,1612,36:03.388,6448,33:44.970,02:18.418,602384K,0,602384K,4,,0:0,r9nc-24-12
3036934.extern,extern,COMPLETED,1612,00:00.003,6448,00:00.001,00:00.002,256K,0,256K,4,,0:0,r9nc-24-12
3036935,alg_synlit,COMPLETED,1635,36:08.426,6540,33:46.277,02:22.148,,,,4,25165824K,0:0,r9nc-24-10
3036935.batch,batch,COMPLETED,1635,36:08.423,6540,33:46.276,02:22.146,617896K,0,617896K,4,,0:0,r9nc-24-10
3036935.extern,extern,COMPLETED,1635,00:00.002,6540,00:00:00,00:00.001,256K,0,256K,4,,0:0,r9nc-24-10
3036936,alg_synlit,COMPLETED,1657,35:58.685,6628,33:34.409,02:24.276,,,,4,25165824K,0:0,r9nc-24-2
3036936.batch,batch,COMPLETED,1657,35:58.684,6628,33:34.408,02:24.276,606204K,0,606204K,4,,0:0,r9nc-24-2
3036936.extern,extern,COMPLETED,1657,00:00.001,6628,00:00.001,00:00:00,256K,0,256K,4,,0:0,r9nc-24-2
3036937,alg_synlit,COMPLETED,1663,37:00.230,6652,34:39.072,02:21.157,,,,4,25165824K,0:0,r9nc-24-5
3036937.batch,batch,COMPLETED,1663,37:00.228,6652,34:39.072,02:21.156,601480K,0,601480K,4,,0:0,r9nc-24-5
3036937.extern,extern,COMPLETED,1663,00:00.001,6652,00:00:00,00:00.001,256K,0,256K,4,,0:0,r9nc-24-5
3036938,alg_synlit,COMPLETED,1646,35:57.973,6584,33:36.141,02:21.832,,,,4,25165824K,0:0,r9nc-24-7
3036938.batch,batch,COMPLETED,1646,35:57.970,6584,33:36.140,02:21.830,607280K,0,607280K,4,,0:0,r9nc-24-7
3036938.extern,extern,COMPLETED,1646,00:00.003,6584,00:00.001,00:00.002,256K,0,256K,4,,0:0,r9nc-24-7
3036939,alg_synlit,COMPLETED,1673,37:06.886,6692,34:47.136,02:19.749,,,,4,25165824K,0:0,r9nc-24-1
3036939.batch,batch,COMPLETED,1673,37:06.884,6692,34:47.136,02:19.748,603848K,0,603848K,4,,0:0,r9nc-24-1
3036939.extern,extern,COMPLETED,1673,00:00.001,6692,00:00:00,00:00.001,256K,0,256K,4,,0:0,r9nc-24-1
3036940,alg_synlit,COMPLETED,1673,36:55.917,6692,34:36.058,02:19.858,,,,4,25165824K,0:0,r9nc-24-2
3036940.batch,batch,COMPLETED,1673,36:55.915,6692,34:36.057,02:19.858,608352K,0,608352K,4,,0:0,r9nc-24-2
3036940.extern,extern,COMPLETED,1673,00:00.001,6692,00:00.001,00:00:00,256K,0,256K,4,,0:0,r9nc-24-2
3036941,alg_synlit,COMPLETED,1645,35:19.951,6580,32:57.174,02:22.777,,,,4,25165824K,0:0,r9nc-24-8
3036941.batch,batch,COMPLETED,1645,35:19.950,6580,32:57.174,02:22.776,615408K,0,615408K,4,,0:0,r9nc-24-8
3036941.extern,extern,COMPLETED,1645,00:00.001,6580,00:00:00,00:00.001,256K,0,256K,4,,0:0,r9nc-24-8
3036942,alg_synlit,COMPLETED,1643,35:00.150,6572,32:39.081,02:21.068,,,,4,25165824K,0:0,r9nc-24-3
3036942.batch,batch,COMPLETED,1643,35:00.149,6572,32:39.081,02:21.067,612588K,0,612588K,4,,0:0,r9nc-24-3
3036942.extern,extern,COMPLETED,1643,00:00.001,6572,00:00:00,00:00.001,256K,0,256K,4,,0:0,r9nc-24-3
3036943,alg_synlit,COMPLETED,1619,36:16.307,6476,33:51.876,02:24.430,,,,4,25165824K,0:0,r9nc-24-11
3036943.batch,batch,COMPLETED,1619,36:16.304,6476,33:51.875,02:24.428,604264K,0,604264K,4,,0:0,r9nc-24-11
3036943.extern,extern,COMPLETED,1619,00:00.002,6476,00:00:00,00:00.001,256K,0,256K,4,,0:0,r9nc-24-11
3036944,alg_synlit,COMPLETED,1616,34:34.160,6464,32:10.019,02:24.141,,,,4,25165824K,0:0,r9nc-24-9
3036944.batch,batch,COMPLETED,1616,34:34.159,6464,32:10.018,02:24.140,596140K,0,596140K,4,,0:0,r9nc-24-9
3036944.extern,extern,COMPLETED,1616,00:00.001,6464,00:00:00,00:00:00,256K,0,256K,4,,0:0,r9nc-24-9
3036945,alg_synlit,COMPLETED,1659,37:03.710,6636,34:43.750,02:19.959,,,,4,25165824K,0:0,r9nc-24-2
3036945.batch,batch,COMPLETED,1659,37:03.708,6636,34:43.749,02:19.959,608604K,0,608604K,4,,0:0,r9nc-24-2
3036945.extern,extern,COMPLETED,1659,00:00.001,6636,00:00.001,00:00:00,256K,0,256K,4,,0:0,r9nc-24-2
3036946,alg_synlit,COMPLETED,1641,36:29.486,6564,34:06.100,02:23.386,,,,4,25165824K,0:0,r9nc-24-7
3036946.batch,batch,COMPLETED,1641,36:29.483,6564,34:06.099,02:23.383,602068K,0,602068K,4,,0:0,r9nc-24-7
3036946.extern,extern,COMPLETED,1641,00:00.003,6564,00:00:00,00:00.002,256K,0,256K,4,,0:0,r9nc-24-7
3036947,alg_synlit,COMPLETED,1648,35:34.935,6592,33:11.422,02:23.513,,,,4,25165824K,0:0,r9nc-24-5
3036947.batch,batch,COMPLETED,1648,35:34.934,6592,33:11.422,02:23.512,619080K,0,619080K,4,,0:0,r9nc-24-5
3036947.extern,extern,COMPLETED,1648,00:00.001,6592,00:00:00,00:00:00,256K,0,256K,4,,0:0,r9nc-24-5
3036948,alg_synlit,COMPLETED,1661,36:29.956,6644,34:09.567,02:20.389,,,,4,25165824K,0:0,r9nc-24-5
3036948.batch,batch,COMPLETED,1661,36:29.955,6644,34:09.566,02:20.389,615332K,0,615332K,4,,0:0,r9nc-24-5
3036948.extern,extern,COMPLETED,1661,00:00.001,6644,00:00.001,00:00:00,256K,0,256K,4,,0:0,r9nc-24-5
3036949,alg_synlit,COMPLETED,1671,36:29.566,6684,34:09.302,02:20.263,,,,4,25165824K,0:0,r9nc-24-9
3036949.batch,batch,COMPLETED,1671,36:29.565,6684,34:09.301,02:20.263,610344K,0,610344K,4,,0:0,r9nc-24-9
3036949.extern,extern,COMPLETED,1671,00:00.001,6684,00:00:00,00:00:00,256K,0,256K,4,,0:0,r9nc-24-9
3036950,alg_synlit,COMPLETED,1646,36:36.646,6584,34:17.110,02:19.535,,,,4,25165824K,0:0,r9nc-24-3
3036950.batch,batch,COMPLETED,1646,36:36.644,6584,34:17.110,02:19.533,611360K,0,611360K,4,,0:0,r9nc-24-3
3036950.extern,extern,COMPLETED,1646,00:00.001,6584,00:00:00,00:00.001,256K,0,256K,4,,0:0,r9nc-24-3
3036951,alg_synlit,COMPLETED,1589,34:26.324,6356,32:03.471,02:22.853,,,,4,25165824K,0:0,r9nc-24-10
3036951.batch,batch,COMPLETED,1589,34:26.321,6356,32:03.470,02:22.851,603384K,0,603384K,4,,0:0,r9nc-24-10
3036951.extern,extern,COMPLETED,1589,00:00.002,6356,00:00:00,00:00.002,256K,0,256K,4,,0:0,r9nc-24-10
3036952,alg_synlit,COMPLETED,1677,37:04.156,6708,34:45.568,02:18.588,,,,4,25165824K,0:0,r9nc-24-1
3036952.batch,batch,COMPLETED,1677,37:04.155,6708,34:45.568,02:18.587,606096K,0,606096K,4,,0:0,r9nc-24-1
3036952.extern,extern,COMPLETED,1677,00:00.001,6708,00:00:00,00:00:00,256K,0,256K,4,,0:0,r9nc-24-1
3036956,alg_synlit,COMPLETED,1606,34:51.767,6424,32:29.450,02:22.317,,,,4,25165824K,0:0,r9nc-24-12
3036956.batch,batch,COMPLETED,1606,34:51.764,6424,32:29.449,02:22.315,607648K,0,607648K,4,,0:0,r9nc-24-12
3036956.extern,extern,COMPLETED,1606,00:00.003,6424,00:00.001,00:00.001,256K,0,256K,4,,0:0,r9nc-24-12
3036957,alg_synlit,COMPLETED,1607,34:49.572,6428,32:24.650,02:24.921,,,,4,25165824K,0:0,r9nc-24-7
3036957.batch,batch,COMPLETED,1607,34:49.569,6428,32:24.649,02:24.920,611484K,0,611484K,4,,0:0,r9nc-24-7
3036957.extern,extern,COMPLETED,1607,00:00.002,6428,00:00.001,00:00.001,256K,0,256K,4,,0:0,r9nc-24-7
3036958,alg_synlit,COMPLETED,1671,37:00.210,6684,34:40.202,02:20.008,,,,4,25165824K,0:0,r9nc-24-6
3036958.batch,batch,COMPLETED,1671,37:00.209,6684,34:40.201,02:20.007,613304K,0,613304K,4,,0:0,r9nc-24-6
3036958.extern,extern,COMPLETED,1671,00:00.001,6684,00:00:00,00:00:00,256K,0,256K,4,,0:0,r9nc-24-6
3036959,alg_synlit,COMPLETED,1628,35:10.850,6512,32:51.643,02:19.207,,,,4,25165824K,0:0,r9nc-24-1
3036959.batch,batch,COMPLETED,1628,35:10.849,6512,32:51.643,02:19.206,619188K,0,619188K,4,,0:0,r9nc-24-1
3036959.extern,extern,COMPLETED,1628,00:00.001,6512,00:00:00,00:00.001,256K,0,256K,4,,0:0,r9nc-24-1
3036960,alg_synlit,COMPLETED,1641,36:12.042,6564,33:54.659,02:17.382,,,,4,25165824K,0:0,r9nc-24-9
3036960.batch,batch,COMPLETED,1641,36:12.040,6564,33:54.659,02:17.381,607564K,0,607564K,4,,0:0,r9nc-24-9
3036960.extern,extern,COMPLETED,1641,00:00.001,6564,00:00:00,00:00.001,260K,0,260K,4,,0:0,r9nc-24-9
3036961,alg_synlit,COMPLETED,1654,36:33.179,6616,34:10.363,02:22.815,,,,4,25165824K,0:0,r9nc-24-12
3036961.batch,batch,COMPLETED,1654,36:33.176,6616,34:10.363,02:22.812,621692K,0,621692K,4,,0:0,r9nc-24-12
3036961.extern,extern,COMPLETED,1654,00:00.003,6616,00:00:00,00:00.003,256K,0,256K,4,,0:0,r9nc-24-12
3036962,alg_synlit,COMPLETED,1654,36:48.335,6616,34:26.995,02:21.339,,,,4,25165824K,0:0,r9nc-24-6
3036962.batch,batch,COMPLETED,1654,36:48.334,6616,34:26.995,02:21.338,611684K,0,611684K,4,,0:0,r9nc-24-6
3036962.extern,extern,COMPLETED,1654,00:00.001,6616,00:00:00,00:00.001,0,0,0,4,,0:0,r9nc-24-6
3036963,alg_synlit,COMPLETED,1694,37:11.987,6776,34:52.113,02:19.873,,,,4,25165824K,0:0,r9nc-24-8
3036963.batch,batch,COMPLETED,1694,37:11.985,6776,34:52.113,02:19.871,612904K,0,612904K,4,,0:0,r9nc-24-8
3036963.extern,extern,COMPLETED,1694,00:00.001,6776,00:00:00,00:00.001,256K,0,256K,4,,0:0,r9nc-24-8
3036964,alg_synlit,COMPLETED,1681,37:10.937,6724,34:48.066,02:22.870,,,,4,25165824K,0:0,r9nc-24-8
3036964.batch,batch,COMPLETED,1681,37:10.935,6724,34:48.066,02:22.868,610912K,0,610912K,4,,0:0,r9nc-24-8
3036964.extern,extern,COMPLETED,1681,00:00.001,6724,00:00:00,00:00.001,256K,0,256K,4,,0:0,r9nc-24-8
3036965,alg_synlit,COMPLETED,1614,35:22.651,6456,33:00.407,02:22.244,,,,4,25165824K,0:0,r9nc-24-10
3036965.batch,batch,COMPLETED,1614,35:22.648,6456,33:00.406,02:22.242,612556K,0,612556K,4,,0:0,r9nc-24-10
3036965.extern,extern,COMPLETED,1614,00:00.003,6456,00:00:00,00:00.002,256K,0,256K,4,,0:0,r9nc-24-10
3036966,alg_synlit,COMPLETED,1628,35:48.373,6512,33:29.934,02:18.439,,,,4,25165824K,0:0,r9nc-24-4
3036966.batch,batch,COMPLETED,1628,35:48.372,6512,33:29.934,02:18.438,610064K,0,610064K,4,,0:0,r9nc-24-4
3036966.extern,extern,COMPLETED,1628,00:00.001,6512,00:00:00,00:00.001,256K,0,256K,4,,0:0,r9nc-24-4
3036967,alg_synlit,COMPLETED,1587,35:02.600,6348,32:40.535,02:22.065,,,,4,25165824K,0:0,r9nc-24-10
3036967.batch,batch,COMPLETED,1587,35:02.598,6348,32:40.534,02:22.063,610316K,0,610316K,4,,0:0,r9nc-24-10
3036967.extern,extern,COMPLETED,1587,00:00.002,6348,00:00:00,00:00.001,256K,0,256K,4,,0:0,r9nc-24-10
3036968,alg_synlit,COMPLETED,1641,35:28.188,6564,33:04.690,02:23.497,,,,4,25165824K,0:0,r9nc-24-9
3036968.batch,batch,COMPLETED,1641,35:28.187,6564,33:04.690,02:23.496,609104K,0,609104K,4,,0:0,r9nc-24-9
3036968.extern,extern,COMPLETED,1641,00:00.001,6564,00:00:00,00:00.001,256K,0,256K,4,,0:0,r9nc-24-9
3036969,alg_synlit,COMPLETED,1606,35:32.971,6424,33:07.502,02:25.468,,,,4,25165824K,0:0,r9nc-24-11
3036969.batch,batch,COMPLETED,1606,35:32.968,6424,33:07.501,02:25.466,611776K,0,611776K,4,,0:0,r9nc-24-11
3036969.extern,extern,COMPLETED,1606,00:00.003,6424,00:00.001,00:00.002,256K,0,256K,4,,0:0,r9nc-24-11
3036970,alg_synlit,COMPLETED,1634,36:23.087,6536,33:58.418,02:24.668,,,,4,25165824K,0:0,r9nc-24-7
3036970.batch,batch,COMPLETED,1634,36:23.083,6536,33:58.417,02:24.666,608496K,0,608496K,4,,0:0,r9nc-24-7
3036970.extern,extern,COMPLETED,1634,00:00.003,6536,00:00:00,00:00.002,256K,0,256K,4,,0:0,r9nc-24-7
3036971,alg_synlit,COMPLETED,1633,36:13.298,6532,33:51.289,02:22.009,,,,4,25165824K,0:0,r9nc-24-10
3036971.batch,batch,COMPLETED,1633,36:13.295,6532,33:51.288,02:22.007,605040K,0,605040K,4,,0:0,r9nc-24-10
3036971.extern,extern,COMPLETED,1633,00:00.003,6532,00:00:00,00:00.002,256K,0,256K,4,,0:0,r9nc-24-10
3036972,alg_synlit,COMPLETED,1684,37:06.653,6736,34:44.893,02:21.759,,,,4,25165824K,0:0,r9nc-24-3
3036972.batch,batch,COMPLETED,1684,37:06.651,6736,34:44.893,02:21.758,607248K,0,607248K,4,,0:0,r9nc-24-3
3036972.extern,extern,COMPLETED,1684,00:00.001,6736,00:00:00,00:00:00,260K,0,260K,4,,0:0,r9nc-24-3
3036973,alg_synlit,COMPLETED,1636,35:17.847,6544,32:55.628,02:22.218,,,,4,25165824K,0:0,r9nc-24-2
3036973.batch,batch,COMPLETED,1636,35:17.846,6544,32:55.628,02:22.217,606216K,0,606216K,4,,0:0,r9nc-24-2
3036973.extern,extern,COMPLETED,1636,00:00.001,6544,00:00:00,00:00.001,256K,0,256K,4,,0:0,r9nc-24-2
3036974,alg_synlit,COMPLETED,1663,36:59.554,6652,34:37.654,02:21.900,,,,4,25165824K,0:0,r9nc-24-4
3036974.batch,batch,COMPLETED,1663,36:59.553,6652,34:37.654,02:21.899,618628K,0,618628K,4,,0:0,r9nc-24-4
3036974.extern,extern,COMPLETED,1663,00:00.001,6652,00:00:00,00:00.001,256K,0,256K,4,,0:0,r9nc-24-4
3036975,alg_synlit,COMPLETED,1699,37:30.149,6796,35:07.994,02:22.154,,,,4,25165824K,0:0,r9nc-24-5
3036975.batch,batch,COMPLETED,1699,37:30.147,6796,35:07.994,02:22.153,619576K,0,619576K,4,,0:0,r9nc-24-5
3036975.extern,extern,COMPLETED,1700,00:00.001,6800,00:00:00,00:00.001,256K,0,256K,4,,0:0,r9nc-24-5
3036976,alg_synlit,COMPLETED,1633,36:10.023,6532,33:50.682,02:19.340,,,,4,25165824K,0:0,r9nc-24-12
3036976.batch,batch,COMPLETED,1633,36:10.020,6532,33:50.682,02:19.337,606808K,0,606808K,4,,0:0,r9nc-24-12
3036976.extern,extern,COMPLETED,1633,00:00.003,6532,00:00:00,00:00.003,256K,0,256K,4,,0:0,r9nc-24-12
3036977,alg_synlit,COMPLETED,1690,38:21.670,6760,35:57.726,02:23.943,,,,4,25165824K,0:0,r9nc-24-7
3036977.batch,batch,COMPLETED,1690,38:21.666,6760,35:57.725,02:23.941,611708K,0,611708K,4,,0:0,r9nc-24-7
3036977.extern,extern,COMPLETED,1690,00:00.003,6760,00:00.001,00:00.002,256K,0,256K,4,,0:0,r9nc-24-7
3036978,alg_synlit,COMPLETED,1653,35:58.128,6612,33:32.115,02:26.012,,,,4,25165824K,0:0,r9nc-24-3
3036978.batch,batch,COMPLETED,1653,35:58.126,6612,33:32.115,02:26.011,611988K,0,611988K,4,,0:0,r9nc-24-3
3036978.extern,extern,COMPLETED,1654,00:00.001,6616,00:00:00,00:00.001,256K,0,256K,4,,0:0,r9nc-24-3
3036979,alg_synlit,COMPLETED,1630,35:02.251,6520,32:37.481,02:24.769,,,,4,25165824K,0:0,r9nc-24-8
3036979.batch,batch,COMPLETED,1630,35:02.250,6520,32:37.481,02:24.768,614020K,0,614020K,4,,0:0,r9nc-24-8
3036979.extern,extern,COMPLETED,1630,00:00.001,6520,00:00:00,00:00.001,256K,0,256K,4,,0:0,r9nc-24-8
3036980,alg_synlit,COMPLETED,1619,34:55.549,6476,32:33.568,02:21.981,,,,4,25165824K,0:0,r9nc-24-5
3036980.batch,batch,COMPLETED,1619,34:55.548,6476,32:33.568,02:21.979,601268K,0,601268K,4,,0:0,r9nc-24-5
3036980.extern,extern,COMPLETED,1619,00:00.001,6476,00:00:00,00:00.001,256K,0,256K,4,,0:0,r9nc-24-5
3036981,alg_synlit,COMPLETED,1667,36:34.847,6668,34:10.883,02:23.964,,,,4,25165824K,0:0,r9nc-24-3
3036981.batch,batch,COMPLETED,1667,36:34.845,6668,34:10.883,02:23.962,602068K,0,602068K,4,,0:0,r9nc-24-3
3036981.extern,extern,COMPLETED,1667,00:00.001,6668,00:00:00,00:00.001,260K,0,260K,4,,0:0,r9nc-24-3
3036982,alg_synlit,COMPLETED,1669,36:59.336,6676,34:39.253,02:20.082,,,,4,25165824K,0:0,r9nc-24-1
3036982.batch,batch,COMPLETED,1669,36:59.334,6676,34:39.252,02:20.082,609364K,0,609364K,4,,0:0,r9nc-24-1
3036982.extern,extern,COMPLETED,1669,00:00.001,6676,00:00.001,00:00:00,256K,0,256K,4,,0:0,r9nc-24-1
3036983,alg_synlit,COMPLETED,1671,37:19.627,6684,34:59.223,02:20.403,,,,4,25165824K,0:0,r9nc-24-1
3036983.batch,batch,COMPLETED,1671,37:19.626,6684,34:59.223,02:20.402,615272K,0,615272K,4,,0:0,r9nc-24-1
3036983.extern,extern,COMPLETED,1671,00:00.001,6684,00:00:00,00:00.001,256K,0,256K,4,,0:0,r9nc-24-1
3036984,alg_synlit,COMPLETED,1675,36:45.195,6700,34:27.383,02:17.811,,,,4,25165824K,0:0,r9nc-24-2
3036984.batch,batch,COMPLETED,1675,36:45.194,6700,34:27.383,02:17.810,615252K,0,615252K,4,,0:0,r9nc-24-2
3036984.extern,extern,COMPLETED,1675,00:00.001,6700,00:00:00,00:00.001,256K,0,256K,4,,0:0,r9nc-24-2
3036985,alg_synlit,COMPLETED,1654,36:53.736,6616,34:31.627,02:22.108,,,,4,25165824K,0:0,r9nc-24-2
3036985.batch,batch,COMPLETED,1654,36:53.734,6616,34:31.627,02:22.106,606932K,0,606932K,4,,0:0,r9nc-24-2
3036985.extern,extern,COMPLETED,1654,00:00.001,6616,00:00:00,00:00.001,256K,0,256K,4,,0:0,r9nc-24-2
3036986,alg_synlit,COMPLETED,1659,36:54.037,6636,34:32.243,02:21.794,,,,4,25165824K,0:0,r9nc-24-5
3036986.batch,batch,COMPLETED,1659,36:54.036,6636,34:32.242,02:21.794,614608K,0,614608K,4,,0:0,r9nc-24-5
3036986.extern,extern,COMPLETED,1659,00:00.001,6636,00:00:00,00:00:00,256K,0,256K,4,,0:0,r9nc-24-5
3036987,alg_synlit,COMPLETED,1685,37:10.042,6740,34:48.071,02:21.971,,,,4,25165824K,0:0,r9nc-24-9
3036987.batch,batch,COMPLETED,1685,37:10.041,6740,34:48.070,02:21.970,614400K,0,614400K,4,,0:0,r9nc-24-9
3036987.extern,extern,COMPLETED,1685,00:00.001,6740,00:00:00,00:00:00,256K,0,256K,4,,0:0,r9nc-24-9
3036988,alg_synlit,COMPLETED,1603,34:45.921,6412,32:25.085,02:20.835,,,,4,25165824K,0:0,r9nc-24-12
3036988.batch,batch,COMPLETED,1603,34:45.918,6412,32:25.085,02:20.832,604368K,0,604368K,4,,0:0,r9nc-24-12
3036988.extern,extern,COMPLETED,1603,00:00.003,6412,00:00:00,00:00.003,256K,0,256K,4,,0:0,r9nc-24-12
3036989,alg_synlit,COMPLETED,1616,34:58.768,6464,32:31.901,02:26.866,,,,4,25165824K,0:0,r9nc-24-7
3036989.batch,batch,COMPLETED,1616,34:58.765,6464,32:31.901,02:26.863,603744K,0,603744K,4,,0:0,r9nc-24-7
3036989.extern,extern,COMPLETED,1616,00:00.003,6464,00:00:00,00:00.003,256K,0,256K,4,,0:0,r9nc-24-7
3036991,alg_synlit,COMPLETED,1648,35:40.715,6592,33:18.154,02:22.561,,,,4,25165824K,0:0,r9nc-24-1
3036991.batch,batch,COMPLETED,1648,35:40.714,6592,33:18.154,02:22.559,618468K,0,618468K,4,,0:0,r9nc-24-1
3036991.extern,extern,COMPLETED,1648,00:00.001,6592,00:00:00,00:00.001,256K,0,256K,4,,0:0,r9nc-24-1
3036992,alg_synlit,COMPLETED,1689,37:04.097,6756,34:43.037,02:21.060,,,,4,25165824K,0:0,r9nc-24-10
3036992.batch,batch,COMPLETED,1689,37:04.094,6756,34:43.037,02:21.056,605024K,0,605024K,4,,0:0,r9nc-24-10
3036992.extern,extern,COMPLETED,1689,00:00.003,6756,00:00:00,00:00.003,256K,0,256K,4,,0:0,r9nc-24-10
3036993,alg_synlit,COMPLETED,1661,36:40.306,6644,34:21.274,02:19.031,,,,4,25165824K,0:0,r9nc-24-9
3036993.batch,batch,COMPLETED,1661,36:40.304,6644,34:21.274,02:19.030,605520K,0,605520K,4,,0:0,r9nc-24-9
3036993.extern,extern,COMPLETED,1662,00:00.001,6648,00:00:00,00:00.001,256K,0,256K,4,,0:0,r9nc-24-9
3036994,alg_synlit,COMPLETED,1598,35:02.045,6392,32:39.017,02:23.027,,,,4,25165824K,0:0,r9nc-24-10
3036994.batch,batch,COMPLETED,1598,35:02.042,6392,32:39.017,02:23.024,608680K,0,608680K,4,,0:0,r9nc-24-10
3036994.extern,extern,COMPLETED,1598,00:00.003,6392,00:00:00,00:00.003,256K,0,256K,4,,0:0,r9nc-24-10
3036995,alg_synlit,COMPLETED,1687,36:39.525,6748,34:16.855,02:22.670,,,,4,25165824K,0:0,r9nc-24-6
3036995.batch,batch,COMPLETED,1687,36:39.524,6748,34:16.855,02:22.669,612796K,0,612796K,4,,0:0,r9nc-24-6
3036995.extern,extern,COMPLETED,1687,00:00.001,6748,00:00:00,00:00.001,256K,0,256K,4,,0:0,r9nc-24-6
3036996,alg_synlit,COMPLETED,1554,33:03.517,6216,30:44.753,02:18.764,,,,4,25165824K,0:0,r9nc-24-11
3036996.batch,batch,COMPLETED,1554,33:03.514,6216,30:44.751,02:18.762,605892K,0,605892K,4,,0:0,r9nc-24-11
3036996.extern,extern,COMPLETED,1554,00:00.003,6216,00:00.002,00:00.001,256K,0,256K,4,,0:0,r9nc-24-11
3036997,alg_synlit,COMPLETED,1677,37:57.262,6708,35:31.790,02:25.471,,,,4,25165824K,0:0,r9nc-24-12
3036997.batch,batch,COMPLETED,1677,37:57.259,6708,35:31.790,02:25.468,603404K,0,603404K,4,,0:0,r9nc-24-12
3036997.extern,extern,COMPLETED,1677,00:00.003,6708,00:00:00,00:00.003,256K,0,256K,4,,0:0,r9nc-24-12
3036998,alg_synlit,COMPLETED,1701,36:59.516,6804,34:37.994,02:21.521,,,,4,25165824K,0:0,r9nc-24-4
3036998.batch,batch,COMPLETED,1701,36:59.514,6804,34:37.994,02:21.520,611624K,0,611624K,4,,0:0,r9nc-24-4
3036998.extern,extern,COMPLETED,1701,00:00.001,6804,00:00:00,00:00.001,256K,0,256K,4,,0:0,r9nc-24-4
3036999,alg_synlit,COMPLETED,1663,36:09.561,6652,33:47.920,02:21.641,,,,4,25165824K,0:0,r9nc-24-6
3036999.batch,batch,COMPLETED,1663,36:09.560,6652,33:47.920,02:21.640,614892K,0,614892K,4,,0:0,r9nc-24-6
3036999.extern,extern,COMPLETED,1663,00:00.001,6652,00:00:00,00:00.001,0,0,0,4,,0:0,r9nc-24-6
3037000,alg_synlit,COMPLETED,1634,36:04.202,6536,33:39.890,02:24.312,,,,4,25165824K,0:0,r9nc-24-10
3037000.batch,batch,COMPLETED,1634,36:04.199,6536,33:39.890,02:24.309,603820K,0,603820K,4,,0:0,r9nc-24-10
3037000.extern,extern,COMPLETED,1634,00:00.003,6536,00:00:00,00:00.003,256K,0,256K,4,,0:0,r9nc-24-10
3037001,alg_synlit,COMPLETED,1713,37:41.792,6852,35:21.400,02:20.391,,,,4,25165824K,0:0,r9nc-24-1
3037001.batch,batch,COMPLETED,1713,37:41.791,6852,35:21.400,02:20.390,611344K,0,611344K,4,,0:0,r9nc-24-1
3037001.extern,extern,COMPLETED,1713,00:00.001,6852,00:00:00,00:00.001,256K,0,256K,4,,0:0,r9nc-24-1
3037002,alg_synlit,COMPLETED,1663,37:11.483,6652,34:48.596,02:22.887,,,,4,25165824K,0:0,r9nc-24-7
3037002.batch,batch,COMPLETED,1663,37:11.480,6652,34:48.596,02:22.884,610848K,0,610848K,4,,0:0,r9nc-24-7
3037002.extern,extern,COMPLETED,1664,00:00.002,6656,00:00:00,00:00.002,256K,0,256K,4,,0:0,r9nc-24-7
3037003,alg_synlit,COMPLETED,1639,35:05.076,6556,32:45.392,02:19.683,,,,4,25165824K,0:0,r9nc-24-2
3037003.batch,batch,COMPLETED,1639,35:05.074,6556,32:45.392,02:19.682,616468K,0,616468K,4,,0:0,r9nc-24-2
3037003.extern,extern,COMPLETED,1639,00:00.001,6556,00:00:00,00:00.001,256K,0,256K,4,,0:0,r9nc-24-2
3037004,alg_synlit,COMPLETED,1633,34:55.938,6532,32:30.711,02:25.226,,,,4,25165824K,0:0,r9nc-24-5
3037004.batch,batch,COMPLETED,1633,34:55.937,6532,32:30.711,02:25.225,616336K,0,616336K,4,,0:0,r9nc-24-5
3037004.extern,extern,COMPLETED,1633,00:00.001,6532,00:00:00,00:00.001,256K,0,256K,4,,0:0,r9nc-24-5
3037005,alg_synlit,COMPLETED,1622,34:46.847,6488,32:21.765,02:25.081,,,,4,25165824K,0:0,r9nc-24-9
3037005.batch,batch,COMPLETED,1622,34:46.845,6488,32:21.763,02:25.081,614696K,0,614696K,4,,0:0,r9nc-24-9
3037005.extern,extern,COMPLETED,1622,00:00.001,6488,00:00.001,00:00:00,256K,0,256K,4,,0:0,r9nc-24-9
3037006,alg_synlit,COMPLETED,1633,34:57.516,6532,32:34.166,02:23.349,,,,4,25165824K,0:0,r9nc-24-8
3037006.batch,batch,COMPLETED,1633,34:57.515,6532,32:34.166,02:23.348,612244K,0,612244K,4,,0:0,r9nc-24-8
3037006.extern,extern,COMPLETED,1633,00:00.001,6532,00:00:00,00:00.001,256K,0,256K,4,,0:0,r9nc-24-8
3037007,alg_synlit,COMPLETED,1686,37:29.267,6744,35:07.429,02:21.837,,,,4,25165824K,0:0,r9nc-24-8
3037007.batch,batch,COMPLETED,1686,37:29.265,6744,35:07.429,02:21.836,596420K,0,596420K,4,,0:0,r9nc-24-8
3037007.extern,extern,COMPLETED,1686,00:00.001,6744,00:00:00,00:00.001,256K,0,256K,4,,0:0,r9nc-24-8
3037008,alg_synlit,COMPLETED,1655,37:18.179,6620,34:55.731,02:22.447,,,,4,25165824K,0:0,r9nc-24-4
3037008.batch,batch,COMPLETED,1655,37:18.178,6620,34:55.731,02:22.446,600436K,0,600436K,4,,0:0,r9nc-24-4
3037008.extern,extern,COMPLETED,1655,00:00.001,6620,00:00:00,00:00.001,256K,0,256K,4,,0:0,r9nc-24-4
3037009,alg_synlit,COMPLETED,1673,37:01.336,6692,34:40.039,02:21.297,,,,4,25165824K,0:0,r9nc-24-8
3037009.batch,batch,COMPLETED,1673,37:01.335,6692,34:40.039,02:21.295,616276K,0,616276K,4,,0:0,r9nc-24-8
3037009.extern,extern,COMPLETED,1673,00:00.001,6692,00:00:00,00:00.001,256K,0,256K,4,,0:0,r9nc-24-8
3037010,alg_synlit,COMPLETED,1633,35:16.751,6532,32:53.462,02:23.289,,,,4,25165824K,0:0,r9nc-24-3
3037010.batch,batch,COMPLETED,1633,35:16.750,6532,32:53.462,02:23.288,620428K,0,620428K,4,,0:0,r9nc-24-3
3037010.extern,extern,COMPLETED,1633,00:00.001,6532,00:00:00,00:00.001,256K,0,256K,4,,0:0,r9nc-24-3
3037011,alg_synlit,COMPLETED,1660,36:28.058,6640,34:06.194,02:21.863,,,,4,25165824K,0:0,r9nc-24-3
3037011.batch,batch,COMPLETED,1660,36:28.056,6640,34:06.194,02:21.862,614040K,0,614040K,4,,0:0,r9nc-24-3
3037011.extern,extern,COMPLETED,1660,00:00.001,6640,00:00:00,00:00.001,256K,0,256K,4,,0:0,r9nc-24-3
3037012,alg_synlit,COMPLETED,1679,37:05.896,6716,34:44.211,02:21.684,,,,4,25165824K,0:0,r9nc-24-2
3037012.batch,batch,COMPLETED,1679,37:05.895,6716,34:44.210,02:21.684,602840K,0,602840K,4,,0:0,r9nc-24-2
3037012.extern,extern,COMPLETED,1679,00:00.001,6716,00:00.001,00:00:00,256K,0,256K,4,,0:0,r9nc-24-2
3037013,alg_synlit,COMPLETED,1677,36:43.086,6708,34:18.485,02:24.601,,,,4,25165824K,0:0,r9nc-24-3
3037013.batch,batch,COMPLETED,1677,36:43.085,6708,34:18.484,02:24.601,611240K,0,611240K,4,,0:0,r9nc-24-3
3037013.extern,extern,COMPLETED,1677,00:00.001,6708,00:00.001,00:00:00,256K,0,256K,4,,0:0,r9nc-24-3
3037014,alg_synlit,COMPLETED,1651,37:15.895,6604,34:50.170,02:25.724,,,,4,25165824K,0:0,r9nc-24-12
3037014.batch,batch,COMPLETED,1651,37:15.892,6604,34:50.170,02:25.721,616624K,0,616624K,4,,0:0,r9nc-24-12
3037014.extern,extern,COMPLETED,1651,00:00.003,6604,00:00:00,00:00.003,256K,0,256K,4,,0:0,r9nc-24-12
3037015,alg_synlit,COMPLETED,1668,36:47.717,6672,34:27.060,02:20.656,,,,4,25165824K,0:0,r9nc-24-1
3037015.batch,batch,COMPLETED,1668,36:47.715,6672,34:27.059,02:20.656,608284K,0,608284K,4,,0:0,r9nc-24-1
3037015.extern,extern,COMPLETED,1668,00:00.001,6672,00:00.001,00:00:00,256K,0,256K,4,,0:0,r9nc-24-1
3037016,alg_synlit,COMPLETED,1671,38:38.549,6684,36:14.883,02:23.665,,,,4,25165824K,0:0,r9nc-24-7
3037016.batch,batch,COMPLETED,1671,38:38.546,6684,36:14.882,02:23.663,614284K,0,614284K,4,,0:0,r9nc-24-7
3037016.extern,extern,COMPLETED,1671,00:00.002,6684,00:00:00,00:00.002,256K,0,256K,4,,0:0,r9nc-24-7
3037017,alg_synlit,COMPLETED,1675,37:08.601,6700,34:48.980,02:19.620,,,,4,25165824K,0:0,r9nc-24-5
3037017.batch,batch,COMPLETED,1675,37:08.599,6700,34:48.980,02:19.619,616656K,0,616656K,4,,0:0,r9nc-24-5
3037017.extern,extern,COMPLETED,1675,00:00.001,6700,00:00:00,00:00.001,256K,0,256K,4,,0:0,r9nc-24-5
3037018,alg_synlit,COMPLETED,1689,37:25.048,6756,35:05.547,02:19.500,,,,4,25165824K,0:0,r9nc-24-5
3037018.batch,batch,COMPLETED,1689,37:25.047,6756,35:05.547,02:19.499,601008K,0,601008K,4,,0:0,r9nc-24-5
3037018.extern,extern,COMPLETED,1689,00:00.001,6756,00:00:00,00:00.001,256K,0,256K,4,,0:0,r9nc-24-5
3037019,alg_synlit,COMPLETED,1666,36:38.833,6664,34:19.776,02:19.056,,,,4,25165824K,0:0,r9nc-24-2
3037019.batch,batch,COMPLETED,1666,36:38.832,6664,34:19.776,02:19.055,622964K,0,622964K,4,,0:0,r9nc-24-2
3037019.extern,extern,COMPLETED,1666,00:00.001,6664,00:00:00,00:00.001,256K,0,256K,4,,0:0,r9nc-24-2
3037020,alg_synlit,COMPLETED,1647,36:00.267,6588,33:39.518,02:20.748,,,,4,25165824K,0:0,r9nc-24-9
3037020.batch,batch,COMPLETED,1647,36:00.265,6588,33:39.518,02:20.747,598848K,0,598848K,4,,0:0,r9nc-24-9
3037020.extern,extern,COMPLETED,1647,00:00.001,6588,00:00:00,00:00.001,256K,0,256K,4,,0:0,r9nc-24-9
3037022,alg_synlit,COMPLETED,1580,34:07.166,6320,31:46.740,02:20.426,,,,4,25165824K,0:0,r9nc-24-12
3037022.batch,batch,COMPLETED,1580,34:07.163,6320,31:46.740,02:20.423,615680K,0,615680K,4,,0:0,r9nc-24-12
3037022.extern,extern,COMPLETED,1580,00:00.002,6320,00:00:00,00:00.002,256K,0,256K,4,,0:0,r9nc-24-12
3036761,alg_synlit,COMPLETED,1551,33:19.899,6204,31:02.534,02:17.364,,,,4,25165824K,0:0,r9nc-24-7
3036761.batch,batch,COMPLETED,1551,33:19.896,6204,31:02.534,02:17.361,615464K,0,615464K,4,,0:0,r9nc-24-7
3036761.extern,extern,COMPLETED,1551,00:00.003,6204,00:00:00,00:00.003,256K,0,256K,4,,0:0,r9nc-24-7
