dataset,support,n_pairs,median_initial_over_alg_star,mean_initial_over_alg_star
GLUE_mrpc,text,408,1.5693986922219372,2.022387717646529
GLUE_qnli,text,1000,2.050412000751169,2.5596961976798
GLUE_qqp,text,1000,2.941382929046993,2.854760238410831
GLUE_rte,text,277,1.7519869574079479,2.110137375165606
GLUE_stsb,text,911,3.117064195090704,2.943111722932565
GLUE_wnli,text,71,2.6556484893517833,2.8185147937615858
OpenML_suite_99_1050,openml,1000,4.4429212758771355,4.702804878202921
OpenML_suite_99_1053,openml,1000,4.920193177253498,4.9002329343147135
OpenML_suite_99_1067,openml,1000,4.878427287833118,4.868783877111917
OpenML_suite_99_1068,openml,1000,4.84885703387289,4.834897884393061
OpenML_suite_99_11,openml,1000,5.075849932530311,5.040093559819709
OpenML_suite_99_1461,openml,1000,4.15390856504504,4.170964272793782
OpenML_suite_99_1462,openml,1000,4.97409810261868,4.891433409369185
OpenML_suite_99_1464,openml,1000,5.024349969752931,4.91803130916656
OpenML_suite_99_1468,openml,1000,2.597773565376909,2.5887936032999193
OpenML_suite_99_1478,openml,1000,3.016387360216456,3.017289838078223
OpenML_suite_99_1480,openml,1000,4.467406008155823,4.511636347783469
OpenML_suite_99_1486,openml,1000,4.002294132469938,4.040828466669687
OpenML_suite_99_1487,openml,1000,4.304425209018654,4.451266048201033
OpenML_suite_99_1489,openml,1000,4.862455454358517,4.889182870740044
OpenML_suite_99_1494,openml,1000,4.285208209139657,4.311230649871767
OpenML_suite_99_15,openml,1000,4.800403924137511,4.901656651787639
OpenML_suite_99_1501,openml,1000,3.108889283404261,3.1360514282704797
OpenML_suite_99_1510,openml,1000,4.583668070073005,4.792896427219907
OpenML_suite_99_1590,openml,1000,4.14050147376772,4.270432823676958
OpenML_suite_99_16,openml,1000,4.584001266735085,4.656249999866922
OpenML_suite_99_18,openml,1000,4.776559654547386,4.868438168515615
OpenML_suite_99_182,openml,1000,4.412469995819933,4.652388991408651
OpenML_suite_99_188,openml,1000,3.9238283113306114,3.9414878059360245
OpenML_suite_99_22,openml,1000,4.230223366046587,4.2584244004752145
OpenML_suite_99_23,openml,1000,4.715669933916629,4.815269427828756
OpenML_suite_99_23381,openml,1000,3.439676694617659,3.4872831776418964
OpenML_suite_99_23517,openml,1000,4.60211079211862,4.846236313385159
OpenML_suite_99_28,openml,1000,4.5296367854323165,4.569252341960166
OpenML_suite_99_29,openml,1000,4.064523619806174,4.113249976408482
OpenML_suite_99_3,openml,1000,4.072277495422082,4.097928083644836
OpenML_suite_99_300,openml,1000,2.4473191819965487,2.4551209068672764
OpenML_suite_99_307,openml,1000,4.537745706895987,4.799216718811478
OpenML_suite_99_31,openml,1000,4.110937106300186,4.1311027201444395
OpenML_suite_99_37,openml,1000,4.470040295862971,4.502486114121103
OpenML_suite_99_38,openml,1000,4.573473188615339,4.594885623108372
OpenML_suite_99_40668,openml,1000,3.743517609878066,3.7265547908084047
OpenML_suite_99_40670,openml,1000,2.8822227904186257,2.8920871097404843
OpenML_suite_99_40701,openml,1000,4.178461718343344,4.247772925574201
OpenML_suite_99_40923,openml,1000,2.415010097077049,2.4143563761275835
OpenML_suite_99_40927,openml,1000,1.5875757042624885,1.5885923013461645
OpenML_suite_99_40966,openml,1000,4.48905930316796,4.477312551286418
OpenML_suite_99_40975,openml,1000,4.989547929977174,4.927165815464032
OpenML_suite_99_40978,openml,1000,1.432986838907612,1.4355431204337068
OpenML_suite_99_40979,openml,1000,3.9099839304275936,3.898114170155758
OpenML_suite_99_40982,openml,1000,4.5732135777266825,4.796953538968379
OpenML_suite_99_40994,openml,1000,4.607941257102919,4.855945810619206
OpenML_suite_99_40996,openml,1000,2.771101148986781,2.761208399899356
OpenML_suite_99_41027,openml,1000,4.588366653043272,4.869685531535302
OpenML_suite_99_4134,openml,1000,1.7326630179454177,1.7310642268149776
OpenML_suite_99_44,openml,1000,4.408712720517381,4.572421102816038
OpenML_suite_99_4538,openml,1000,4.527997488218439,4.771157468268051
OpenML_suite_99_458,openml,1000,4.008758296770225,4.019350030748459
OpenML_suite_99_469,openml,1000,4.446334124358685,4.468449058786544
OpenML_suite_99_50,openml,1000,4.6397289435371585,4.83691578563337
OpenML_suite_99_54,openml,1000,4.657100822605638,4.861864684628355
OpenML_suite_99_6,openml,1000,4.6552648783651325,4.833630203294272
OpenML_suite_99_6332,openml,1000,3.9739414196983676,3.999618771930327
TUDataset_AIDS,graphs,1000,3.7420281424822175,3.547697506658666
TUDataset_BZR,graphs,810,3.068483273556226,3.0914318886971905
TUDataset_COX2,graphs,934,2.559645061765941,2.569697673144607
TUDataset_DD,graphs,1000,0.3410080191090842,0.3895156772924794
TUDataset_DHFR,graphs,1000,2.143501759261353,2.177952282779916
TUDataset_ENZYMES,graphs,1000,4.295743884613223,4.371028413823851
TUDataset_IMDB-BINARY,graphs,1000,4.46326504437272,4.632972858558483
TUDataset_Mutagenicity,graphs,1000,3.8307188449615266,3.708195155984465
TUDataset_NCI109,graphs,1000,3.300188954910301,3.2338197784350973
TUDataset_PROTEINS,graphs,1000,4.122917205862288,3.84001129185163
TUDataset_PTC_FM,graphs,698,4.671450568976271,4.848204756153717
TUDataset_PTC_FR,graphs,702,4.399426169289235,4.416564507982387
TUDataset_PTC_MM,graphs,672,4.661229369367563,4.843101682819932
TUDataset_REDDIT-MULTI-12K,graphs,1000,1.0678516213060623,1.2574004125199616
TUDataset_REDDIT-MULTI-5K,graphs,1000,0.9484898437047988,1.0546446185000315
TorchVision_CIFAR100,images,1000,2.494419258685202,2.492151600831456
TorchVision_CIFAR5,images,1000,2.4816171632042647,2.4860827554842895
TorchVision_Caltech101,images,1000,2.4878168034620076,2.482094228303191
TorchVision_Caltech256,images,1000,2.133593190950637,2.1726615862456073
TorchVision_EMNIST-Balanced,images,1000,2.5036308595998986,2.4994010664225095
TorchVision_Food101,images,1000,2.4924672347536077,2.490247524614556
TorchVision_KMNIST,images,1000,2.497382036020448,2.4941875150247776
TorchVision_MNIST,images,1000,2.5258987701150923,2.5240150975396514
TorchVision_STL10,images,1000,2.4726096640615793,2.4727613152445005
TorchVision_SVHN,images,1000,2.5728348907862224,2.585591367488513
TorchVision_USPS,images,1000,2.4963451656850317,2.493323296118449
UCR_ACSF1,time_series,400,0.6345253611111121,0.6380893208563824
UCR_Adiac,time_series,1000,3.3352047017106083,3.3395851282998175
UCR_ArrowHead,time_series,422,2.0736311096506554,2.091481638998287
UCR_BeetleFly,time_series,80,1.2391844560963436,1.2316139540028321
UCR_BirdChicken,time_series,80,1.2595221229785687,1.2533421652239944
UCR_CBF,time_series,1000,3.5171278518330187,3.5714236069923135
UCR_Car,time_series,240,0.957294567336801,0.9576607367525619
UCR_ChlorineConcentration,time_series,1000,2.9457289624680487,2.960661836018481
UCR_CinCECGTorso,time_series,1000,0.586038826424637,0.5865973140322129
UCR_Coffee,time_series,112,2.1530246735449543,2.1396990770033875
UCR_Computers,time_series,1000,0.8613655351082514,0.8643424614434981
UCR_CricketX,time_series,1000,1.9840236551308772,1.9610974798990366
UCR_CricketY,time_series,1000,1.662030407781798,1.683379723173596
UCR_CricketZ,time_series,1000,1.9816350229638582,1.9634170464373581
UCR_DistalPhalanxOutlineCorrect,time_series,1000,4.635667713798368,4.770440789230339
UCR_DodgerLoopGame,time_series,316,1.824548320704691,1.8352322184967738
UCR_DodgerLoopWeekend,time_series,316,1.820284107985458,1.8230862817228404
UCR_ECG5000,time_series,1000,3.4140193259522578,3.4409840140645747
UCR_EOGHorizontalSignal,time_series,1000,0.59254118244031,0.5925424061233477
UCR_EOGVerticalSignal,time_series,1000,0.5967703446851715,0.5975609112029047
UCR_EthanolLevel,time_series,1000,0.6106694578410226,0.6101324052940663
UCR_FaceAll,time_series,1000,3.82461127363046,3.898045722052746
UCR_FaceFour,time_series,224,1.6812233684480566,1.6550835704008604
UCR_FiftyWords,time_series,1000,1.9067029385614402,1.9194422876676696
UCR_Fish,time_series,700,1.3876799882537108,1.4222887752460638
UCR_FordA,time_series,1000,1.2272380559501623,1.4004429864147205
UCR_FordB,time_series,1000,1.100568727692457,1.1070598575298671
UCR_FreezerSmallTrain,time_series,1000,1.7353880208952386,1.7455257026286748
UCR_Fungi,time_series,408,2.559420384364302,2.5792527567334127
UCR_GestureMidAirD2,time_series,676,3.5063172107860003,3.5625217917038023
UCR_GestureMidAirD3,time_series,676,3.599488194879767,3.5814692133598163
UCR_GesturePebbleZ2,time_series,608,2.967684836285496,2.8577124745976072
UCR_GunPoint,time_series,400,3.7476575407789285,3.7921380989829263
UCR_GunPointAgeSpan,time_series,902,3.739617573397563,3.8015253560157536
UCR_GunPointMaleVersusFemale,time_series,902,3.7298454556985723,3.797472304508589
UCR_Ham,time_series,428,1.1060224204070175,1.1189336913109087
UCR_HandOutlines,time_series,1000,0.5985586579278088,0.5980583344173743
UCR_Haptics,time_series,926,0.5938309603577836,0.5971119787208164
UCR_Herring,time_series,256,1.0943076692823972,1.100206585214291
UCR_HouseTwenty,time_series,318,0.5177832140879916,0.5187108981128701
UCR_InlineSkate,time_series,1000,0.625609531520511,0.6294292378772034
UCR_InsectEPGRegularTrain,time_series,622,1.052070227184735,1.0489397072174178
UCR_InsectEPGSmallTrain,time_series,532,1.0396233333828553,1.0378193964729043
UCR_LargeKitchenAppliances,time_series,1000,0.8550195788119982,0.8638690853761103
UCR_Lightning2,time_series,242,1.0307464829925659,1.039303130315128
UCR_Lightning7,time_series,286,1.9664726754595687,1.9620388847661436
UCR_MedicalImages,time_series,1000,4.482553139044527,4.553768745554074
UCR_MelbournePedestrian,time_series,1000,4.657380052719601,4.712380484267213
UCR_MiddlePhalanxOutlineAgeGroup,time_series,1000,4.73218571494809,4.7640170052667425
UCR_MiddlePhalanxTW,time_series,1000,4.570082256632949,4.709002100891005
UCR_MixedShapesRegularTrain,time_series,1000,0.527017299476933,0.5304077154018518
UCR_MixedShapesSmallTrain,time_series,1000,0.5270680560800395,0.5381761275733347
UCR_MoteStrain,time_series,1000,4.122407071449544,4.197527207460918
UCR_NonInvasiveFetalECGThorax2,time_series,1000,0.8092217889664356,0.8174461497524433
UCR_OSULeaf,time_series,884,1.3595691549479407,1.3452228928990375
UCR_OliveOil,time_series,120,1.0169289731243452,1.2326104773486959
UCR_PLAID,time_series,1000,1.6851561127222077,1.776636435762469
UCR_PhalangesOutlinesCorrect,time_series,1000,4.5887947855607365,4.785686273006544
UCR_Phoneme,time_series,1000,0.6115231683033608,0.6206586982100598
UCR_PickupGestureWiimoteZ,time_series,200,3.746063149980137,3.807806230807912
UCR_PigAirwayPressure,time_series,624,0.6151621184297706,0.6180851512542019
UCR_PigArtPressure,time_series,624,0.5292141794644938,0.537343130626621
UCR_PigCVP,time_series,624,0.6103798325730613,0.610372998480215
UCR_Plane,time_series,420,3.234789977107163,3.283407483529301
UCR_PowerCons,time_series,720,3.2763368662336925,3.3455690467428996
UCR_ProximalPhalanxOutlineAgeGroup,time_series,1000,4.253752819504477,4.316085437813398
UCR_ProximalPhalanxOutlineCorrect,time_series,1000,4.54895233403149,4.7359784149691695
UCR_ProximalPhalanxTW,time_series,1000,4.4654024280607,4.741282821142096
UCR_RefrigerationDevices,time_series,1000,0.8083782496778346,0.8170373670980021
UCR_Rock,time_series,140,0.5912765335227508,0.5904792492471167
UCR_ScreenType,time_series,1000,0.8590047289854059,0.8651443995052877
UCR_SemgHandGenderCh2,time_series,1000,0.5454904270288177,0.5486292296193407
UCR_ShakeGestureWiimoteZ,time_series,200,3.1846647096070413,3.3969825150034
UCR_ShapeletSim,time_series,400,1.1326470153179478,1.8869465543041297
UCR_ShapesAll,time_series,1000,1.2481552943916463,1.23648907394567
UCR_SonyAIBORobotSurface1,time_series,1000,4.396808147337605,4.465160298164608
UCR_StarLightCurves,time_series,1000,0.5438237190401894,0.5653000580517675
UCR_Strawberry,time_series,1000,2.5636886152083838,2.58324728367532
UCR_SwedishLeaf,time_series,1000,3.5395550117252657,3.6002306711628735
UCR_ToeSegmentation1,time_series,536,2.1771572438145537,2.1637848734170975
UCR_ToeSegmentation2,time_series,332,1.8182244894934048,1.7922301488990822
UCR_Trace,time_series,400,2.2492774019285102,2.258501437233379
UCR_TwoLeadECG,time_series,1000,4.179475066215051,4.28724497773516
UCR_UMD,time_series,360,3.691377094522675,3.742178776240747
UCR_UWaveGestureLibraryAll,time_series,1000,0.5813220825650292,0.6493401573316189
UCR_UWaveGestureLibraryY,time_series,1000,1.9337362981234631,1.9195573526234488
UCR_UWaveGestureLibraryZ,time_series,1000,1.9286990391019505,1.9173167849735755
UCR_Wine,time_series,222,2.60315251617122,2.628324310560867
UCR_WordSynonyms,time_series,1000,2.247308667035645,2.247766090082786
UCR_Worms,time_series,516,0.6740957944598323,0.6789090114565496
UCR_WormsTwoClass,time_series,516,0.6066795353222607,0.6049234669840508
UCR_Yoga,time_series,1000,1.3673716133086282,1.3513340541578374
sklearn_digits_patch_clouds,images,1000,4.666888343241695,4.815202364197037
sklearn_wine_class_clouds,tabular,1000,4.756011475021753,4.898305214363744
