dataset,support,method,n_pairs,mean_wall_sec,median_wall_sec,p95_wall_sec,mean_cpu_sec
GLUE_mrpc,text,alg_star_end_to_end,408,0.0007315270383567865,0.00069413334131235,0.0011840763501822645,0.002210091867647128
GLUE_mrpc,text,initial_alg_end_to_end,408,0.0015721617348710781,0.00090569630265235,0.004451644606888229,0.004431244169117296
GLUE_qnli,text,alg_star_end_to_end,1000,0.000851753855124066,0.00065971631556745,0.001970999408513284,0.0024173109499996703
GLUE_qnli,text,initial_alg_end_to_end,1000,0.0019840168487280114,0.0011027138680219498,0.006409931555390352,0.005496322726999763
GLUE_qqp,text,alg_star_end_to_end,1000,0.0004103309549390767,0.00032985769212245,0.000822865962982135,0.000944756673999895
GLUE_qqp,text,initial_alg_end_to_end,1000,0.0010553645361214363,0.00096798501908775,0.00118687171488992,0.003135124828999854
GLUE_rte,text,alg_star_end_to_end,277,0.001561026751241911,0.000791348516941,0.00559251662343734,0.00451854823465644
GLUE_rte,text,initial_alg_end_to_end,277,0.002060346843318337,0.0012350445613265,0.006642716750502559,0.005709165288808853
GLUE_stsb,text,alg_star_end_to_end,911,0.00039040332641672454,0.000307073816657,0.0008380422368645,0.0008938992316136291
GLUE_stsb,text,initial_alg_end_to_end,911,0.0010343276262773531,0.0009532030671834,0.0011248532682657,0.0030787851514817565
GLUE_wnli,text,alg_star_end_to_end,71,0.0005473712537909437,0.0004069805145263,0.0012543033808469,0.0013053408732395773
GLUE_wnli,text,initial_alg_end_to_end,71,0.001569989386578631,0.0010313242673873,0.00535513740032905,0.003780600873239408
OpenML_suite_99_1050,openml,alg_star_end_to_end,1000,0.0001723675783723092,0.00018274504691355,0.000194263178855135,0.000169481767999977
OpenML_suite_99_1050,openml,initial_alg_end_to_end,1000,0.0008042337168007593,0.0008037434890866,0.000813158322125655,0.0007957060049998091
OpenML_suite_99_1053,openml,alg_star_end_to_end,1000,0.00016503908671433782,0.00016133906319735,0.0001871961168944,0.0001620192969998802
OpenML_suite_99_1053,openml,initial_alg_end_to_end,1000,0.0008019166104495038,0.0008015846833586,0.000811784295365135,0.0007935707609998632
OpenML_suite_99_1067,openml,alg_star_end_to_end,1000,0.0001655859220772454,0.0001622354611754,0.00018801726400845,0.0001627528329998566
OpenML_suite_99_1067,openml,initial_alg_end_to_end,1000,0.0007991638462990023,0.0007989769801497,0.000807958282530245,0.0007909058109999231
OpenML_suite_99_1068,openml,alg_star_end_to_end,1000,0.0001659954013302419,0.0001625102013349,0.00018778908997772,0.0001632659539999482
OpenML_suite_99_1068,openml,initial_alg_end_to_end,1000,0.000795538456179151,0.0007951213046908,0.000804782193154025,0.0007878552349999243
OpenML_suite_99_11,openml,alg_star_end_to_end,1000,0.0001741336137055842,0.00017157802358265,0.000191030791029305,0.0001713042479999529
OpenML_suite_99_11,openml,initial_alg_end_to_end,1000,0.0008750783121212804,0.0008749477565287999,0.00088867521844803,0.0008670612559999143
OpenML_suite_99_1461,openml,alg_star_end_to_end,1000,0.00015497613139445679,0.0001542111858725,0.000163361057639115,0.00015276312199993691
OpenML_suite_99_1461,openml,initial_alg_end_to_end,1000,0.0006460346765815707,0.0006404938176274,0.00067937243729829,0.0006404437389999473
OpenML_suite_99_1462,openml,alg_star_end_to_end,1000,0.0001613126751034944,0.00015640631318085,0.000182836875319465,0.0001586939859999476
OpenML_suite_99_1462,openml,initial_alg_end_to_end,1000,0.0007824788410216088,0.00078260060399765,0.0007943790405988,0.0007749577369999609
OpenML_suite_99_1464,openml,alg_star_end_to_end,1000,0.0001615185542031624,0.00015662051737305,0.00018385304138058,0.0001589024359999792
OpenML_suite_99_1464,openml,initial_alg_end_to_end,1000,0.0007883477015420293,0.0007888819091021501,0.000798410270363085,0.0007810691769999592
OpenML_suite_99_1468,openml,alg_star_end_to_end,1000,0.00040132194478059816,0.00040178140625355,0.00041376757435491996,0.0003967499149999547
OpenML_suite_99_1468,openml,initial_alg_end_to_end,1000,0.0010386305786668762,0.00104073062539095,0.001053230883553555,0.00102934626499993
OpenML_suite_99_1478,openml,alg_star_end_to_end,1000,0.0003191196098923173,0.0003173761069774,0.000327745918184485,0.0003160533459998612
OpenML_suite_99_1478,openml,initial_alg_end_to_end,1000,0.0009627543333917363,0.0009620459750294,0.0009766679257153898,0.0009534233589998254
OpenML_suite_99_1480,openml,alg_star_end_to_end,1000,0.00014830421097571762,0.00014906655997035,0.000160487182438285,0.0001461163929999606
OpenML_suite_99_1480,openml,initial_alg_end_to_end,1000,0.0006681820955126978,0.0006660548970102501,0.000706507358699985,0.0006622996409999587
OpenML_suite_99_1486,openml,alg_star_end_to_end,1000,0.0002128517925738806,0.00021604634821409998,0.00022786343470209,0.0002099698389999561
OpenML_suite_99_1486,openml,initial_alg_end_to_end,1000,0.000858757879584977,0.0008568605408072,0.00087221674621097,0.0008507544039999427
OpenML_suite_99_1487,openml,alg_star_end_to_end,1000,0.00018567145802075649,0.00019312929362055,0.00020424118265507,0.00018283586199994338
OpenML_suite_99_1487,openml,initial_alg_end_to_end,1000,0.0008226408902555205,0.00082108378410335,0.0008341530337929251,0.0008147595399999676
OpenML_suite_99_1489,openml,alg_star_end_to_end,1000,0.00016243208944792732,0.00016094837337725,0.000182980019599145,0.00015967237499998392
OpenML_suite_99_1489,openml,initial_alg_end_to_end,1000,0.0007878964729606615,0.0007874006405472001,0.00079700313508507,0.0007801408059998856
OpenML_suite_99_1494,openml,alg_star_end_to_end,1000,0.00015487811155612242,0.0001550773158669,0.00017034178599708,0.0001524573529999531
OpenML_suite_99_1494,openml,initial_alg_end_to_end,1000,0.0006669629178940752,0.0006666639819741,0.000712915696203655,0.0006609252369999828
OpenML_suite_99_15,openml,alg_star_end_to_end,1000,0.0001704141031950198,0.00017499271780245,0.000190598983317605,0.000167688034999939
OpenML_suite_99_15,openml,initial_alg_end_to_end,1000,0.0008302550893276424,0.0008002053946256,0.00088366791605944,0.0008217625569999293
OpenML_suite_99_1501,openml,alg_star_end_to_end,1000,0.00022522804886097712,0.00022213533520695002,0.00024814745411271997,0.0002223211119999218
OpenML_suite_99_1501,openml,initial_alg_end_to_end,1000,0.0007055681683122624,0.0006912238895892999,0.000765555817633845,0.000698688035999949
OpenML_suite_99_1510,openml,alg_star_end_to_end,1000,0.0001691043190657589,0.0001778565347194,0.000189908407628445,0.00016626924099996852
OpenML_suite_99_1510,openml,initial_alg_end_to_end,1000,0.000802606398239681,0.00080176722258325,0.000813885498791865,0.0007943105729999242
OpenML_suite_99_1590,openml,alg_star_end_to_end,1000,0.00019274014793331328,0.0002002101391553,0.0002115927636623,0.0001898203079999435
OpenML_suite_99_1590,openml,initial_alg_end_to_end,1000,0.0008193676825612274,0.0008190143853425,0.000830648187547875,0.0008112669329999457
OpenML_suite_99_16,openml,alg_star_end_to_end,1000,0.0001948765460401256,0.0001967577263712,0.00020834719762205,0.0001920478949999389
OpenML_suite_99_16,openml,initial_alg_end_to_end,1000,0.0009052008939906441,0.0009046951308846,0.0009150486439466,0.0008964790519999831
OpenML_suite_99_18,openml,alg_star_end_to_end,1000,0.0001644977070390661,0.00016676820814605,0.00018605822697274001,0.0001615818269999453
OpenML_suite_99_18,openml,initial_alg_end_to_end,1000,0.0007942782901226979,0.00079414993524545,0.0008033887483179051,0.0007856898089999471
OpenML_suite_99_182,openml,alg_star_end_to_end,1000,0.0001739200651645182,0.00018396880477665,0.00019474998116489,0.0001710256929999564
OpenML_suite_99_182,openml,initial_alg_end_to_end,1000,0.0008032971434294679,0.0008028578013181,0.0008132343180476799,0.0007951235709999655
OpenML_suite_99_188,openml,alg_star_end_to_end,1000,0.000169626737013409,0.0001657651737332,0.00018947916105387498,0.00016724665599992
OpenML_suite_99_188,openml,initial_alg_end_to_end,1000,0.0006680396292358152,0.00065158307552335,0.0007270768284797551,0.0006620938859999328
OpenML_suite_99_22,openml,alg_star_end_to_end,1000,0.00015967371687287978,0.0001595113426446,0.000173950102180155,0.00015734550999997298
OpenML_suite_99_22,openml,initial_alg_end_to_end,1000,0.000679062774404835,0.00067540351301425,0.000717158243060105,0.0006728406139999643
OpenML_suite_99_23,openml,alg_star_end_to_end,1000,0.0001837244499474263,0.00018509756773705,0.00019918335601686,0.00018089064899995391
OpenML_suite_99_23,openml,initial_alg_end_to_end,1000,0.0008816518522798503,0.0008876780048012499,0.000900248624384345,0.0008735636839999356
OpenML_suite_99_23381,openml,alg_star_end_to_end,1000,0.000204352768138001,0.00020511820912355,0.000216299854218915,0.0002017949879999846
OpenML_suite_99_23381,openml,initial_alg_end_to_end,1000,0.0007117918841540307,0.0007073543965816,0.0007509071379899649,0.0007052686839999292
OpenML_suite_99_23517,openml,alg_star_end_to_end,1000,0.0001666753068565822,0.00017623230814929998,0.00018791621550916,0.0001639203629999468
OpenML_suite_99_23517,openml,initial_alg_end_to_end,1000,0.0008012104015796875,0.0008009290322661,0.000809771101921735,0.0007935084049999415
OpenML_suite_99_28,openml,alg_star_end_to_end,1000,0.0001903908047824603,0.0001913253217935,0.00020668506622308,0.00018746809199996002
OpenML_suite_99_28,openml,initial_alg_end_to_end,1000,0.0008677005339413377,0.0008950699120759,0.000911851692944745,0.0008592979839999488
OpenML_suite_99_29,openml,alg_star_end_to_end,1000,0.0001850156001746153,0.00018605403602115,0.0001959912478923,0.0001824885819999354
OpenML_suite_99_29,openml,initial_alg_end_to_end,1000,0.0007600832451134415,0.0007550818845629,0.00079821720719329,0.000753296470999933
OpenML_suite_99_3,openml,alg_star_end_to_end,1000,0.0001687558293342083,0.00016724132001395,0.00018695881590246,0.0001663972389999554
OpenML_suite_99_3,openml,initial_alg_end_to_end,1000,0.0006906555686145515,0.00069567468017335,0.000740429479628705,0.0006838459369999521
OpenML_suite_99_300,openml,alg_star_end_to_end,1000,0.0003335760068147897,0.0003330241888761,0.000341841951012595,0.00033035633999994093
OpenML_suite_99_300,openml,initial_alg_end_to_end,1000,0.0008188484311103335,0.0008134553208946501,0.000862060394138015,0.0008114738239999368
OpenML_suite_99_307,openml,alg_star_end_to_end,1000,0.0001709505170583217,0.00018070638179774998,0.00019066520035259,0.00016817366599994422
OpenML_suite_99_307,openml,initial_alg_end_to_end,1000,0.0008144861180334777,0.00081406906247135,0.00082292119041081,0.0008064968809999528
OpenML_suite_99_31,openml,alg_star_end_to_end,1000,0.00016728954389686308,0.0001667039468884,0.00017952015623447,0.0001648950069999268
OpenML_suite_99_31,openml,initial_alg_end_to_end,1000,0.000690316481515716,0.00068395584821695,0.00072499839588993,0.000684184627999985
OpenML_suite_99_37,openml,alg_star_end_to_end,1000,0.0001506369244306778,0.00014892313629385,0.000165834091603675,0.0001482682799999549
OpenML_suite_99_37,openml,initial_alg_end_to_end,1000,0.0006771214958279836,0.000671437010169,0.00071431612595913,0.000670568079999965
OpenML_suite_99_38,openml,alg_star_end_to_end,1000,0.00017799171619112332,0.0001762509346008,0.000198351684957735,0.00017509421399991982
OpenML_suite_99_38,openml,initial_alg_end_to_end,1000,0.0008133474979549147,0.0008128825575113,0.00082235932350152,0.0008047463559999764
OpenML_suite_99_40668,openml,alg_star_end_to_end,1000,0.0001880337297915915,0.0001859338954091,0.000212127622216875,0.000185282626999932
OpenML_suite_99_40668,openml,initial_alg_end_to_end,1000,0.0006992224380373466,0.0006970157846808,0.000750195235013945,0.0006927423349999492
OpenML_suite_99_40670,openml,alg_star_end_to_end,1000,0.0002699493300169209,0.00027173291891810004,0.00028375359252086,0.0002668256879999961
OpenML_suite_99_40670,openml,initial_alg_end_to_end,1000,0.000780227344483088,0.00078940764069555,0.000811270531266835,0.000772462247000083
OpenML_suite_99_40701,openml,alg_star_end_to_end,1000,0.0001674579456448051,0.0001688320189714,0.00017776908352965998,0.0001649671069999451
OpenML_suite_99_40701,openml,initial_alg_end_to_end,1000,0.000709808204323002,0.0007077613845466999,0.0007262840867042349,0.0007032756299999626
OpenML_suite_99_40923,openml,alg_star_end_to_end,1000,0.00045226215384895564,0.00045022182166575,0.00046265171840779003,0.0004470668129999439
OpenML_suite_99_40923,openml,initial_alg_end_to_end,1000,0.0010916306264698015,0.0010921293869614,0.00110620483756063,0.00108134167600006
OpenML_suite_99_40927,openml,alg_star_end_to_end,1000,0.0010587238892912354,0.00105889234691855,0.001061553880572305,0.0010505370559999705
OpenML_suite_99_40927,openml,initial_alg_end_to_end,1000,0.001681877760216545,0.0016808193176984,0.00169650958850979,0.0016673473249999623
OpenML_suite_99_40966,openml,alg_star_end_to_end,1000,0.0001839828435331092,0.00018048193305725,0.000205126870423495,0.0001810023560000013
OpenML_suite_99_40966,openml,initial_alg_end_to_end,1000,0.0008191516399383064,0.00081714708358045,0.0008293631486593901,0.0008106804790001187
OpenML_suite_99_40975,openml,alg_star_end_to_end,1000,0.0001651352969929093,0.0001603532582521,0.000187136093154465,0.0001623148220000849
OpenML_suite_99_40975,openml,initial_alg_end_to_end,1000,0.000805766077712128,0.0008047930896282001,0.0008140119723974799,0.0007976058169999981
OpenML_suite_99_40978,openml,alg_star_end_to_end,1000,0.0010604370906948548,0.0010549761354923001,0.0011147305369377,0.0010522225540000939
OpenML_suite_99_40978,openml,initial_alg_end_to_end,1000,0.0015220519658177597,0.0015309918671846,0.001596415415406225,0.0015104438310000383
OpenML_suite_99_40979,openml,alg_star_end_to_end,1000,0.00024544909689570247,0.00024441909044974996,0.00025372975505882,0.00024294647999994882
OpenML_suite_99_40979,openml,initial_alg_end_to_end,1000,0.0009564785035326584,0.0009561483748257,0.00096576395444568,0.0009471223879999694
OpenML_suite_99_40982,openml,alg_star_end_to_end,1000,0.0001688514053821064,0.0001780875027179,0.00019025625661006,0.00016611786899996058
OpenML_suite_99_40982,openml,initial_alg_end_to_end,1000,0.0008037251792847622,0.0008018491789698,0.000811507739126635,0.0007938846479999638
OpenML_suite_99_40994,openml,alg_star_end_to_end,1000,0.0001660797856747599,0.00017547234892839998,0.000187664758413965,0.00016326623200002522
OpenML_suite_99_40994,openml,initial_alg_end_to_end,1000,0.0007997434679418301,0.00079946592450135,0.00080907978117461,0.0007913853829999475
OpenML_suite_99_40996,openml,alg_star_end_to_end,1000,0.0004026276618241783,0.00040045939385885,0.000409240089356815,0.0003984216529999659
OpenML_suite_99_40996,openml,initial_alg_end_to_end,1000,0.0011116165965795021,0.00111068598926065,0.00112195117399089,0.0011012425719999447
OpenML_suite_99_41027,openml,alg_star_end_to_end,1000,0.0001633106842636547,0.00017322227358815002,0.00018462277948849,0.00016058090899996212
OpenML_suite_99_41027,openml,initial_alg_end_to_end,1000,0.0007881088033318032,0.00078784115612505,0.000797919742762985,0.0007798890599999384
OpenML_suite_99_4134,openml,alg_star_end_to_end,1000,0.0006511370316147302,0.0006531840190291,0.0006718789227305901,0.0006451520689999684
OpenML_suite_99_4134,openml,initial_alg_end_to_end,1000,0.001127300005406091,0.0011397432535886001,0.001180996093898965,0.001117645664999995
OpenML_suite_99_44,openml,alg_star_end_to_end,1000,0.00017982305958862049,0.00018825568258754998,0.000199105171486665,0.0001769055630000062
OpenML_suite_99_44,openml,initial_alg_end_to_end,1000,0.0008177609266712771,0.0008169203065335,0.00082925530150523,0.0008100213919998259
OpenML_suite_99_4538,openml,alg_star_end_to_end,1000,0.00016906676813955072,0.00017851218581195,0.00018951911479234,0.00016621084199999812
OpenML_suite_99_4538,openml,initial_alg_end_to_end,1000,0.0008006976116448129,0.0008004372939467001,0.00080972090363494,0.0007925572169999893
OpenML_suite_99_458,openml,alg_star_end_to_end,1000,0.0001736616324632862,0.00017235521227115,0.000181506760418355,0.0001712102889999455
OpenML_suite_99_458,openml,initial_alg_end_to_end,1000,0.0006968915127217271,0.0006906474009155501,0.00072621731087558,0.0006908537609999481
OpenML_suite_99_469,openml,alg_star_end_to_end,1000,0.0001466421280055738,0.00014416407793755,0.00016599353402851498,0.0001442151959999645
OpenML_suite_99_469,openml,initial_alg_end_to_end,1000,0.0006546224206685528,0.00064183399081225,0.00071686869487159,0.0006482705239999376
OpenML_suite_99_50,openml,alg_star_end_to_end,1000,0.0001702271960675212,0.00017852336168285,0.00018924353644245002,0.0001674760659999391
OpenML_suite_99_50,openml,initial_alg_end_to_end,1000,0.0008185220006852853,0.00081715080887075,0.0008319684304296449,0.0008102762889999539
OpenML_suite_99_54,openml,alg_star_end_to_end,1000,0.00016584647167469017,0.00017491308972235,0.00018843444995582,0.00016297423300004211
OpenML_suite_99_54,openml,initial_alg_end_to_end,1000,0.000798994736745903,0.0007986086420714,0.00080719394609329,0.0007905734769998814
OpenML_suite_99_6,openml,alg_star_end_to_end,1000,0.0001656388975679371,0.0001746378839015,0.00018626563251008998,0.0001629690779999505
OpenML_suite_99_6,openml,initial_alg_end_to_end,1000,0.0007944775801151483,0.0007929354906081501,0.0008122701197861799,0.0007872944659999601
OpenML_suite_99_6332,openml,alg_star_end_to_end,1000,0.0002122211363166068,0.00021152012050145,0.0002295983955264,0.0002092989689999412
OpenML_suite_99_6332,openml,initial_alg_end_to_end,1000,0.0008466998524963358,0.00084536895155905,0.000860768090933505,0.000839019942999978
TUDataset_AIDS,graphs,alg_star_end_to_end,1000,0.0002152685523032629,0.00018478836864225,0.00036522541195148,0.0002733551999999642
TUDataset_AIDS,graphs,initial_alg_end_to_end,1000,0.0006984434854238701,0.0006896844133734499,0.00076228147372596,0.0008823220479999139
TUDataset_BZR,graphs,alg_star_end_to_end,810,0.00028803159057353236,0.00028500892221925,0.000361427385359995,0.00028463036419748295
TUDataset_BZR,graphs,initial_alg_end_to_end,810,0.0008742206465498396,0.0008736988529562499,0.000909384246915565,0.0008661727407407074
TUDataset_COX2,graphs,alg_star_end_to_end,934,0.0002865311978843044,0.00028484594076865,0.00032966937869781496,0.0002831826177730177
TUDataset_COX2,graphs,initial_alg_end_to_end,934,0.0007318957295962268,0.00072760600596665,0.000767849199473835,0.0007251216873661182
TUDataset_DD,graphs,alg_star_end_to_end,1000,0.006963260229676912,0.0065531022846698,0.011146946437656844,0.018486914211999973
TUDataset_DD,graphs,initial_alg_end_to_end,1000,0.0023297375850378976,0.0022500841878354,0.003333381470292755,0.006092177716999891
TUDataset_DHFR,graphs,alg_star_end_to_end,1000,0.0003421320728957147,0.00033781398087735,0.00043739331886166,0.000347111061999931
TUDataset_DHFR,graphs,initial_alg_end_to_end,1000,0.0007276183217763401,0.0007236376404762,0.0007743717171251449,0.0007386528479999526
TUDataset_ENZYMES,graphs,alg_star_end_to_end,1000,0.0001932587902992458,0.000191792845726,0.00023985952138891995,0.00019005849699992998
TUDataset_ENZYMES,graphs,initial_alg_end_to_end,1000,0.000828395422548008,0.00082591082900755,0.000863639637827835,0.0008199769799999606
TUDataset_IMDB-BINARY,graphs,alg_star_end_to_end,1000,0.00017801352031523928,0.00018017273396245,0.00021309973672025502,0.00017510842899994718
TUDataset_IMDB-BINARY,graphs,initial_alg_end_to_end,1000,0.0008108196854590863,0.0008072340860962499,0.0008399243466555349,0.0008031404119999254
TUDataset_Mutagenicity,graphs,alg_star_end_to_end,1000,0.0001924489084630708,0.0001759640872478,0.00029473304748532496,0.0002891835249999227
TUDataset_Mutagenicity,graphs,initial_alg_end_to_end,1000,0.0006842828709631664,0.00067454762756815,0.00073419548571103,0.0010144897219999927
TUDataset_NCI109,graphs,alg_star_end_to_end,1000,0.0002301960289477792,0.0002126414328813,0.000342037808150045,0.0003571073529999728
TUDataset_NCI109,graphs,initial_alg_end_to_end,1000,0.000714727219194124,0.00070447660982605,0.000790167506784135,0.0011043701739999736
TUDataset_PROTEINS,graphs,alg_star_end_to_end,1000,0.000192808212712355,0.00015375763177865,0.0003947028890251749,0.0001902954149999648
TUDataset_PROTEINS,graphs,initial_alg_end_to_end,1000,0.0006528783831744892,0.00063801091164345,0.0007383879274129098,0.000646816606999951
TUDataset_PTC_FM,graphs,alg_star_end_to_end,698,0.0001697067483554619,0.00017278734594575,0.000207685586065045,0.0001667556246417788
TUDataset_PTC_FM,graphs,initial_alg_end_to_end,698,0.0008107317520844064,0.0008105169981718,0.000848073977977015,0.000802549457020005
TUDataset_PTC_FR,graphs,alg_star_end_to_end,702,0.00015965258527510313,0.00015815440565345,0.0001917572692036149,0.0001572192378917202
TUDataset_PTC_FR,graphs,initial_alg_end_to_end,702,0.0006977241523457234,0.00069879647344345,0.00072900950908655,0.0006912226424501147
TUDataset_PTC_MM,graphs,alg_star_end_to_end,672,0.00016905773026375774,0.00017216848209495,0.00020429808646437494,0.00016597016220233616
TUDataset_PTC_MM,graphs,initial_alg_end_to_end,672,0.0008066273529991186,0.0008073332719504499,0.000841521704569445,0.0007985353124999402
TUDataset_REDDIT-MULTI-12K,graphs,alg_star_end_to_end,1000,0.0015227451901882393,0.0014853347092866499,0.0022453107871115052,0.004544411705001785
TUDataset_REDDIT-MULTI-12K,graphs,initial_alg_end_to_end,1000,0.001608753185719201,0.0016025369986891,0.00204949481412762,0.004797124636002372
TUDataset_REDDIT-MULTI-5K,graphs,alg_star_end_to_end,1000,0.001802038737572679,0.0020781247876584,0.00225675068795679,0.005381052245999462
TUDataset_REDDIT-MULTI-5K,graphs,initial_alg_end_to_end,1000,0.0017868977291509026,0.00197229068726295,0.002057969709858255,0.00533154123100048
TorchVision_CIFAR100,images,alg_star_end_to_end,1000,0.00036765003670002086,0.00036676833406085,0.0003807830624282,0.00036364334300000576
TorchVision_CIFAR100,images,initial_alg_end_to_end,1000,0.000915912108495781,0.0009153122082352001,0.000927817961201065,0.0009065409909998387
TorchVision_CIFAR5,images,alg_star_end_to_end,1000,0.0003680079318582507,0.00036442093551150004,0.00039921365678306987,0.00036138622800000006
TorchVision_CIFAR5,images,initial_alg_end_to_end,1000,0.0009144222959875555,0.0009022923186421,0.0010212784633039649,0.0008973685880000867
TorchVision_Caltech101,images,alg_star_end_to_end,1000,0.0003648780826478698,0.00036435015499584997,0.000378001015633265,0.0003613389029999675
TorchVision_Caltech101,images,initial_alg_end_to_end,1000,0.0009053419157862142,0.00090490933507675,0.00092008812353013,0.0008972050259998875
TorchVision_Caltech256,images,alg_star_end_to_end,1000,0.0003270282633602107,0.0003327345475554,0.00034372620284549,0.00032330888599980126
TorchVision_Caltech256,images,initial_alg_end_to_end,1000,0.0007090615611522885,0.00070704147219655,0.00072362311184403,0.0007016273520000584
TorchVision_EMNIST-Balanced,images,alg_star_end_to_end,1000,0.0003628426212816924,0.00036239903420205,0.000375151727348555,0.00035889877200001905
TorchVision_EMNIST-Balanced,images,initial_alg_end_to_end,1000,0.0009065759237855185,0.0009064925834536,0.000921826995909115,0.000897941354999895
TorchVision_Food101,images,alg_star_end_to_end,1000,0.00036689027119422965,0.0003662407398223,0.00038043898530304,0.00036306173399998246
TorchVision_Food101,images,initial_alg_end_to_end,1000,0.000913320921361397,0.0009106872603296501,0.00093853129073969,0.0009048821439999626
TorchVision_KMNIST,images,alg_star_end_to_end,1000,0.0003638249374925591,0.0003638621419668,0.000375102180987565,0.0003597793669998768
TorchVision_KMNIST,images,initial_alg_end_to_end,1000,0.0009072056449949236,0.00090692564845085,0.000922382250428175,0.000898370342999876
TorchVision_MNIST,images,alg_star_end_to_end,1000,0.0003613053411244857,0.00036102440208190005,0.00037416703999036,0.00035702822899986503
TorchVision_MNIST,images,initial_alg_end_to_end,1000,0.0009116129502653594,0.0009108763188123499,0.0009253349155186999,0.0009027548619999374
TorchVision_STL10,images,alg_star_end_to_end,1000,0.0003634002171456316,0.0003635603934526,0.000377067271620015,0.0003600256389998715
TorchVision_STL10,images,initial_alg_end_to_end,1000,0.0008981208745389689,0.00089692231267685,0.00091256266459815,0.0008900520939999041
TorchVision_SVHN,images,alg_star_end_to_end,1000,0.00038505685888225784,0.0003862883895635,0.00040207467973228,0.0003805736160000918
TorchVision_SVHN,images,initial_alg_end_to_end,1000,0.0009948785547166565,0.0009932219982146501,0.0010097937658428801,0.0009848455799999639
TorchVision_USPS,images,alg_star_end_to_end,1000,0.0003631300553678978,0.00036264210939404996,0.000376610830426155,0.0003585328140001312
TorchVision_USPS,images,initial_alg_end_to_end,1000,0.0009050154704600069,0.0009038625285028999,0.00092150205746285,0.0008940966700000125
UCR_ACSF1,time_series,alg_star_end_to_end,400,0.003849494606256433,0.0038410625420509997,0.0039459047839044996,0.011424258692499942
UCR_ACSF1,time_series,initial_alg_end_to_end,400,0.0024551448109559216,0.00243433704599735,0.0024708231445401446,0.007260652702499978
UCR_Adiac,time_series,alg_star_end_to_end,1000,0.0002608164623379214,0.0002610590308904,0.00027915248647323,0.0002570689069999563
UCR_Adiac,time_series,initial_alg_end_to_end,1000,0.0008692122325300684,0.0008671330288051999,0.00088965762406584,0.0008602608459999494
UCR_ArrowHead,time_series,alg_star_end_to_end,422,0.00034648871217006375,0.00034582708030935,0.000362908281385805,0.0003428701161136879
UCR_ArrowHead,time_series,initial_alg_end_to_end,422,0.0007239441912603075,0.0007105311378836001,0.000748703628778405,0.000714561869668191
UCR_BeetleFly,time_series,alg_star_end_to_end,80,0.0010304874507709838,0.0010271407663822,0.001065123919397505,0.0030718509624999375
UCR_BeetleFly,time_series,initial_alg_end_to_end,80,0.001268642488866995,0.0012675942853092501,0.001288116816431265,0.0037820916374999266
UCR_BirdChicken,time_series,alg_star_end_to_end,80,0.001018838235177055,0.00101039558649055,0.00105307493358841,0.003036792187499925
UCR_BirdChicken,time_series,initial_alg_end_to_end,80,0.00127636806573714,0.0012773917987942,0.001297060959041045,0.0038044912874999866
UCR_CBF,time_series,alg_star_end_to_end,1000,0.0002178383674472075,0.00021971948444840002,0.000235757324844585,0.0002148916289999559
UCR_CBF,time_series,initial_alg_end_to_end,1000,0.0007756923437118037,0.0007729129865764999,0.000812109373509835,0.0007689180389999533
UCR_Car,time_series,alg_star_end_to_end,240,0.0012565254466607675,0.0012549757957458002,0.001284279022365805,0.0037486143208332818
UCR_Car,time_series,initial_alg_end_to_end,240,0.0012031995691358542,0.00120734889060255,0.0012300577014684598,0.003588448208333294
UCR_ChlorineConcentration,time_series,alg_star_end_to_end,1000,0.0002399576138704511,0.00023984257131810002,0.00025858227163549,0.00023684486599994469
UCR_ChlorineConcentration,time_series,initial_alg_end_to_end,1000,0.0007091135941445349,0.00070614181458945,0.0007444572634994049,0.00070175304399995
UCR_CinCECGTorso,time_series,alg_star_end_to_end,1000,0.003781793270260047,0.0037713730707764,0.0038834931794553052,0.011268026367999907
UCR_CinCECGTorso,time_series,initial_alg_end_to_end,1000,0.002218200676143121,0.0022097188048063997,0.0022470295894890403,0.006598581529000025
UCR_Coffee,time_series,alg_star_end_to_end,112,0.0004453088123616946,0.00043934769928449997,0.00047161253169173003,0.00044031299999994553
UCR_Coffee,time_series,initial_alg_end_to_end,112,0.0009518661369968241,0.0009512901306151999,0.000966957211494435,0.000943037928571375
UCR_Computers,time_series,alg_star_end_to_end,1000,0.0018108267113565893,0.0018191183917224,0.001880515599623285,0.005404901620999934
UCR_Computers,time_series,initial_alg_end_to_end,1000,0.001564329062588463,0.0015597827732562498,0.001612036209553405,0.004665176133999857
UCR_CricketX,time_series,alg_star_end_to_end,1000,0.0004778816998004416,0.0004728119820356,0.000509214028716075,0.0004727386179999462
UCR_CricketX,time_series,initial_alg_end_to_end,1000,0.0009361020978539658,0.00093524437397715,0.0009533427655696449,0.0009276915699999609
UCR_CricketY,time_series,alg_star_end_to_end,1000,0.0004440835434942938,0.00044274143874639996,0.00045926216989752497,0.00044040174599995456
UCR_CricketY,time_series,initial_alg_end_to_end,1000,0.0007473535854368898,0.00072833709418765,0.00078775528818368,0.0007400857869999468
UCR_CricketZ,time_series,alg_star_end_to_end,1000,0.00047880638018245444,0.0004732450470328,0.0005102021619677051,0.0004732126669999585
UCR_CricketZ,time_series,initial_alg_end_to_end,1000,0.0009390176478772853,0.00093718152493235,0.00095623321831222,0.0009288613329999523
UCR_DistalPhalanxOutlineCorrect,time_series,alg_star_end_to_end,1000,0.0001735835671424367,0.00018328800797455,0.000195142347365585,0.0001707840289999522
UCR_DistalPhalanxOutlineCorrect,time_series,initial_alg_end_to_end,1000,0.0008210497535764686,0.00081832800060505,0.00084460685029618,0.0008128244349999606
UCR_DodgerLoopGame,time_series,alg_star_end_to_end,316,0.00041838408789675064,0.00042130704969165,0.000429472420364575,0.000414515107594887
UCR_DodgerLoopGame,time_series,initial_alg_end_to_end,316,0.0007675067120808854,0.00076435599476095,0.000793120823800525,0.0007597456962024719
UCR_DodgerLoopWeekend,time_series,alg_star_end_to_end,316,0.00042860169270176804,0.00042953994125125,0.000444028526544525,0.0004246443386075535
UCR_DodgerLoopWeekend,time_series,initial_alg_end_to_end,316,0.000780816856017168,0.0007770815864205,0.000801677349954825,0.0007731157088606882
UCR_ECG5000,time_series,alg_star_end_to_end,1000,0.00019420258142049197,0.0001941211521625,0.00020634476095432,0.0001915343279999462
UCR_ECG5000,time_series,initial_alg_end_to_end,1000,0.0006664157807826499,0.0006622681394219,0.000696738157421265,0.0006602150099999363
UCR_EOGHorizontalSignal,time_series,alg_star_end_to_end,1000,0.0037158085629343486,0.0037174997851252,0.0037846976891159896,0.011103472592999868
UCR_EOGHorizontalSignal,time_series,initial_alg_end_to_end,1000,0.002201422570273229,0.00220203027129165,0.002229209803044735,0.006568723553999864
UCR_EOGVerticalSignal,time_series,alg_star_end_to_end,1000,0.0037109375363215302,0.00371310254558915,0.003777920315042095,0.01106725772899998
UCR_EOGVerticalSignal,time_series,initial_alg_end_to_end,1000,0.0022172647835686315,0.0022137551568448,0.0022517296019940896,0.006602474789999863
UCR_EthanolLevel,time_series,alg_star_end_to_end,1000,0.0036181807778775193,0.0036139423027634,0.003724417742341665,0.010808598715999958
UCR_EthanolLevel,time_series,initial_alg_end_to_end,1000,0.002207309583201955,0.002206414937973,0.0022396901622414203,0.006584345245000028
UCR_FaceAll,time_series,alg_star_end_to_end,1000,0.00021334763336921712,0.0002174987457692,0.000230358447879465,0.00021028965199994552
UCR_FaceAll,time_series,initial_alg_end_to_end,1000,0.0008285948457195841,0.0008260859176516,0.000851306272670535,0.0008209326659999571
UCR_FaceFour,time_series,alg_star_end_to_end,224,0.0005855076680225491,0.0005747359246015,0.0006329948082565751,0.0005800519017856563
UCR_FaceFour,time_series,initial_alg_end_to_end,224,0.0009671992406115514,0.00096617545932525,0.00098157022148367,0.0009584408660713732
UCR_FiftyWords,time_series,alg_star_end_to_end,1000,0.0003900885358452298,0.00039047282189125,0.000409252755343835,0.0003863076579999525
UCR_FiftyWords,time_series,initial_alg_end_to_end,1000,0.0007482706159352742,0.0007487880066036499,0.00079550985246896,0.0007409643069999575
UCR_Fish,time_series,alg_star_end_to_end,700,0.0008614242316356226,0.0008469354361295501,0.000913088489323845,0.0024123658085713896
UCR_Fish,time_series,initial_alg_end_to_end,700,0.0012239299155771255,0.00117376726120705,0.001274794060736825,0.0033604929542856857
UCR_FordA,time_series,alg_star_end_to_end,1000,0.0010022734384983285,0.0009963056072592,0.00104168858379124,0.0028896095459999328
UCR_FordA,time_series,initial_alg_end_to_end,1000,0.0014037629421799868,0.0012231785804033,0.0035341460257768144,0.003878333669999982
UCR_FordB,time_series,alg_star_end_to_end,1000,0.000955460267141411,0.00095123331993815,0.0009926351718604401,0.002834573780999946
UCR_FordB,time_series,initial_alg_end_to_end,1000,0.0010578136220573894,0.00104510877281425,0.001123415399342725,0.0031384556829999483
UCR_FreezerSmallTrain,time_series,alg_star_end_to_end,1000,0.0004430299848317587,0.00044416263699525,0.00045434208586806,0.00043914250799994057
UCR_FreezerSmallTrain,time_series,initial_alg_end_to_end,1000,0.0007730251047759773,0.0007686978206038,0.0008041333407163149,0.0007648692959999688
UCR_Fungi,time_series,alg_star_end_to_end,408,0.00028395511246482105,0.0002855798229575,0.000303449481725615,0.00028071440196071395
UCR_Fungi,time_series,initial_alg_end_to_end,408,0.0007307603179166223,0.0007272576913237,0.000762623455375405,0.0007237108823528694
UCR_GestureMidAirD2,time_series,alg_star_end_to_end,676,0.0002585692226489484,0.00024737883359189996,0.000418120063841275,0.0002550762011833784
UCR_GestureMidAirD2,time_series,initial_alg_end_to_end,676,0.0008642881744976071,0.00086143799126145,0.00092728575691575,0.0008561589955620867
UCR_GestureMidAirD3,time_series,alg_star_end_to_end,676,0.0002573339362248,0.00023960974067445,0.000445737503468925,0.0002541244644969888
UCR_GestureMidAirD3,time_series,initial_alg_end_to_end,676,0.0008658277967492353,0.0008617835119366,0.00093934219330545,0.0008577881878697806
UCR_GesturePebbleZ2,time_series,alg_star_end_to_end,608,0.0003408406245350141,0.00029728980734939996,0.0005699939560144898,0.0006938491825657176
UCR_GesturePebbleZ2,time_series,initial_alg_end_to_end,608,0.0009007190544108697,0.00088883331045505,0.000995198637247015,0.0018342051578946797
UCR_GunPoint,time_series,alg_star_end_to_end,400,0.00022414630278939977,0.00022675748914475,0.000240939855575485,0.00022066722749994948
UCR_GunPoint,time_series,initial_alg_end_to_end,400,0.0008473033737390737,0.0008453875780105,0.00086825713515278,0.0008389370924999486
UCR_GunPointAgeSpan,time_series,alg_star_end_to_end,902,0.00022287060405451034,0.00022703595459455,0.00024139424785968498,0.0002197655842571542
UCR_GunPointAgeSpan,time_series,initial_alg_end_to_end,902,0.0008443176824838516,0.0008427058346569,0.000863487692549795,0.0008366941541019336
UCR_GunPointMaleVersusFemale,time_series,alg_star_end_to_end,902,0.00022222963006885321,0.00022720173001284998,0.000240492541342965,0.00021923031485582728
UCR_GunPointMaleVersusFemale,time_series,initial_alg_end_to_end,902,0.0008410345164112693,0.0008394708856940001,0.00086140362545839,0.0008333666751662463
UCR_Ham,time_series,alg_star_end_to_end,428,0.0007436985245722524,0.0007382379844783999,0.00077368542551988,0.000737657836448561
UCR_Ham,time_series,initial_alg_end_to_end,428,0.0008317421094696697,0.0008166097104549,0.0008725912310182549,0.0008245886588784746
UCR_HandOutlines,time_series,alg_star_end_to_end,1000,0.003690246354788491,0.0036813765764236,0.0037933191284536447,0.011023710052999883
UCR_HandOutlines,time_series,initial_alg_end_to_end,1000,0.002206756424158761,0.0022057741880416003,0.00223932564258571,0.006584232514
UCR_Haptics,time_series,alg_star_end_to_end,926,0.0036918972005371147,0.0036898525431751502,0.003738356754183725,0.011020239047516167
UCR_Haptics,time_series,initial_alg_end_to_end,926,0.0022045706879532116,0.00219015497714275,0.0022212686017155,0.006561503228941657
UCR_Herring,time_series,alg_star_end_to_end,256,0.0009923141042235712,0.0009829811751842,0.001023789402097425,0.002959106164062442
UCR_Herring,time_series,initial_alg_end_to_end,256,0.0010915570092037785,0.0010769423097371999,0.0011378559283912,0.003254309839843694
UCR_HouseTwenty,time_series,alg_star_end_to_end,318,0.0038849116484604815,0.00388122070580715,0.003935377392917865,0.011610086308176034
UCR_HouseTwenty,time_series,initial_alg_end_to_end,318,0.002015246265807942,0.0020097773522137997,0.002076349314302125,0.006015736924528249
UCR_InlineSkate,time_series,alg_star_end_to_end,1000,0.0037500142790376644,0.0037472806870936497,0.003806211054325035,0.01115446517600003
UCR_InlineSkate,time_series,initial_alg_end_to_end,1000,0.0023605638127773497,0.00234481971710915,0.002384487912058755,0.006998922253999991
UCR_InsectEPGRegularTrain,time_series,alg_star_end_to_end,622,0.0013083653237035316,0.0012977663427590999,0.0013724569231271398,0.003903023675241125
UCR_InsectEPGRegularTrain,time_series,initial_alg_end_to_end,622,0.0013715702639083664,0.0013706982135772,0.001402639225125285,0.00409020916398709
UCR_InsectEPGSmallTrain,time_series,alg_star_end_to_end,532,0.0013008962238304958,0.0012947218492627,0.00136032719165082,0.003882677524436046
UCR_InsectEPGSmallTrain,time_series,initial_alg_end_to_end,532,0.0013494639328323304,0.00134831015020605,0.001375656761229,0.00402518392105259
UCR_LargeKitchenAppliances,time_series,alg_star_end_to_end,1000,0.0017842288659885017,0.00179747119545935,0.00182752576656634,0.00530554394499996
UCR_LargeKitchenAppliances,time_series,initial_alg_end_to_end,1000,0.0015410628067329029,0.00153067149221895,0.0015621529892086501,0.004565175288999965
UCR_Lightning2,time_series,alg_star_end_to_end,242,0.0015002998315597855,0.00151281803846355,0.0015435030218213601,0.004474560413223092
UCR_Lightning2,time_series,initial_alg_end_to_end,242,0.0015584710515911925,0.00155613617971535,0.0015873328316955949,0.00464446644214869
UCR_Lightning7,time_series,alg_star_end_to_end,286,0.0005274821020714388,0.00052264146506785,0.00056650815531605,0.0005213465839160405
UCR_Lightning7,time_series,initial_alg_end_to_end,286,0.0010338827212164777,0.0010305233299732,0.00106483232229945,0.0010240067797202205
UCR_MedicalImages,time_series,alg_star_end_to_end,1000,0.00017924377880985639,0.00018606521189205,0.00020266463980076,0.0001765278369999484
UCR_MedicalImages,time_series,initial_alg_end_to_end,1000,0.0008089588042348129,0.00080729648470875,0.000831490848213385,0.0008013504219999486
UCR_MelbournePedestrian,time_series,alg_star_end_to_end,1000,0.0001369667071848594,0.00013804156333205,0.000141679588705245,0.0001349851949999555
UCR_MelbournePedestrian,time_series,initial_alg_end_to_end,1000,0.0006448030155151586,0.0006429683417081,0.00066181039437646,0.0006389046239999388
UCR_MiddlePhalanxOutlineAgeGroup,time_series,alg_star_end_to_end,1000,0.0001712652854620907,0.0001700893044471,0.00019458942115300998,0.00016844608599995688
UCR_MiddlePhalanxOutlineAgeGroup,time_series,initial_alg_end_to_end,1000,0.0008083766885101294,0.0008069146424531,0.000827429071068735,0.0008000538109999593
UCR_MiddlePhalanxTW,time_series,alg_star_end_to_end,1000,0.0001736022792756069,0.00018297042697665,0.00019465945661065,0.0001708434519999543
UCR_MiddlePhalanxTW,time_series,initial_alg_end_to_end,1000,0.0008095175661146141,0.0008079512044787,0.00082998666912315,0.0008016084459999405
UCR_MixedShapesRegularTrain,time_series,alg_star_end_to_end,1000,0.003575429862365077,0.0035604070872067503,0.003616150189191075,0.01066136897899992
UCR_MixedShapesRegularTrain,time_series,initial_alg_end_to_end,1000,0.0018955191690474232,0.0018816441297531,0.00194158265367148,0.00563121455200003
UCR_MixedShapesSmallTrain,time_series,alg_star_end_to_end,1000,0.0035739412289112313,0.0035728784278035,0.003619817830622135,0.010489331178999969
UCR_MixedShapesSmallTrain,time_series,initial_alg_end_to_end,1000,0.0019235837943851453,0.0018865475431084,0.001979477796703555,0.005602555539000064
UCR_MoteStrain,time_series,alg_star_end_to_end,1000,0.0001709725446998574,0.0001733815297484,0.000185114331543375,0.0001683926479999485
UCR_MoteStrain,time_series,initial_alg_end_to_end,1000,0.0007152062132954107,0.0007161851972341501,0.000741617660969435,0.0007085627789999534
UCR_NonInvasiveFetalECGThorax2,time_series,alg_star_end_to_end,1000,0.0019637466967105375,0.0019851485267281003,0.00201506912708279,0.005858862105999869
UCR_NonInvasiveFetalECGThorax2,time_series,initial_alg_end_to_end,1000,0.0016043784674256531,0.0015976661816238498,0.00162011869251719,0.004775378476999893
UCR_OSULeaf,time_series,alg_star_end_to_end,884,0.000774556560214238,0.0007642926648259,0.0008191130124032,0.0007676231119909035
UCR_OSULeaf,time_series,initial_alg_end_to_end,884,0.0010409315150416043,0.0010400237515568,0.001063178945332735,0.0010312676142533407
UCR_OliveOil,time_series,alg_star_end_to_end,120,0.0012132494399944417,0.00120335910469285,0.0012471880763768898,0.0023450436666666023
UCR_OliveOil,time_series,initial_alg_end_to_end,120,0.001476307725533795,0.00122312549501655,0.0031062549911439192,0.0026553118749999267
UCR_PLAID,time_series,alg_star_end_to_end,1000,0.0005739001352339486,0.0004897080361843,0.0013335173949598493,0.0017093393229999463
UCR_PLAID,time_series,initial_alg_end_to_end,1000,0.0008634544648229561,0.0008190022781491,0.001202482543885635,0.0025713813569999524
UCR_PhalangesOutlinesCorrect,time_series,alg_star_end_to_end,1000,0.0001721773650496704,0.00018155667930835,0.000192510522901945,0.000169441618999957
UCR_PhalangesOutlinesCorrect,time_series,initial_alg_end_to_end,1000,0.0008173899184911935,0.00081442389637225,0.000840933993458725,0.0008094010979999598
UCR_Phoneme,time_series,alg_star_end_to_end,1000,0.003522154647856901,0.00352761894464485,0.003594973497092695,0.010501465614999907
UCR_Phoneme,time_series,initial_alg_end_to_end,1000,0.002186218257993409,0.0021551735699176,0.00218438059091561,0.006480345298999992
UCR_PickupGestureWiimoteZ,time_series,alg_star_end_to_end,200,0.0002429768722503885,0.0002293172292411,0.0003835935611277148,0.00023988972499994598
UCR_PickupGestureWiimoteZ,time_series,initial_alg_end_to_end,200,0.000861454266123423,0.0008587730117142,0.00092596583999687,0.0008531997449999505
UCR_PigAirwayPressure,time_series,alg_star_end_to_end,624,0.0037345189872818197,0.00373322935774915,0.0037968404591083053,0.01113291856891024
UCR_PigAirwayPressure,time_series,initial_alg_end_to_end,624,0.002308123977854796,0.00229523470625275,0.00233265277929596,0.006859251647435913
UCR_PigArtPressure,time_series,alg_star_end_to_end,624,0.0038559664375124344,0.00385990925133225,0.003909611329436285,0.011148052464743513
UCR_PigArtPressure,time_series,initial_alg_end_to_end,624,0.002071160578336039,0.0020423727110028,0.00230058394372454,0.005953304499999957
UCR_PigCVP,time_series,alg_star_end_to_end,624,0.003795290231489744,0.0037946756929159,0.0038387033157050447,0.011337870008012748
UCR_PigCVP,time_series,initial_alg_end_to_end,624,0.002316486893388847,0.0023149643093347,0.002355055045336455,0.006912516730769167
UCR_Plane,time_series,alg_star_end_to_end,420,0.00021753962196049785,0.00021769478917115,0.00023824330419297998,0.00021482056904756643
UCR_Plane,time_series,initial_alg_end_to_end,420,0.0007126583939506376,0.0007054824382066499,0.0007572687231003649,0.0007053616119047182
UCR_PowerCons,time_series,alg_star_end_to_end,720,0.00022877835565138154,0.00023104995489115,0.00024790251627564,0.00022595714583327763
UCR_PowerCons,time_series,initial_alg_end_to_end,720,0.0007644463485727219,0.00076923891901965,0.000785200763493715,0.0007580503263888231
UCR_ProximalPhalanxOutlineAgeGroup,time_series,alg_star_end_to_end,1000,0.0001539855170994487,0.0001520914956927,0.0001727106980979,0.0001514967769999611
UCR_ProximalPhalanxOutlineAgeGroup,time_series,initial_alg_end_to_end,1000,0.0006633002255111424,0.0006626714020967,0.000714023504406165,0.0006571014659999496
UCR_ProximalPhalanxOutlineCorrect,time_series,alg_star_end_to_end,1000,0.0001721925921737647,0.0001827767118811,0.000194073375314405,0.0001694641309999482
UCR_ProximalPhalanxOutlineCorrect,time_series,initial_alg_end_to_end,1000,0.000808122655376741,0.0008059004321694,0.0008298031985759701,0.0008004432989999492
UCR_ProximalPhalanxTW,time_series,alg_star_end_to_end,1000,0.0001716117188333976,0.00018245261162515,0.000192624237388305,0.0001688898209999518
UCR_ProximalPhalanxTW,time_series,initial_alg_end_to_end,1000,0.0008060455657541233,0.0008041532710194,0.000826238375157085,0.0007985416699999594
UCR_RefrigerationDevices,time_series,alg_star_end_to_end,1000,0.001852876024320672,0.001856492832303,0.001894128788262545,0.005525817082999944
UCR_RefrigerationDevices,time_series,initial_alg_end_to_end,1000,0.001513917455449649,0.0014982065185904,0.00156083460897205,0.004498874546999961
UCR_Rock,time_series,alg_star_end_to_end,140,0.0037485170976391353,0.003740994259715,0.0038298419211059446,0.011199110692857128
UCR_Rock,time_series,initial_alg_end_to_end,140,0.0022131116195980485,0.0022102459333836503,0.0022375865839420997,0.0066034271499999285
UCR_ScreenType,time_series,alg_star_end_to_end,1000,0.0018009736780076713,0.0018035769462585,0.0018661893904208151,0.005353986170999975
UCR_ScreenType,time_series,initial_alg_end_to_end,1000,0.001557691443711469,0.00154376775026315,0.00157376779243341,0.004602847531999999
UCR_SemgHandGenderCh2,time_series,alg_star_end_to_end,1000,0.003669405383989165,0.0036902884021400998,0.00375581756234163,0.010957301212999872
UCR_SemgHandGenderCh2,time_series,initial_alg_end_to_end,1000,0.002013522265478919,0.0020074676722288,0.002113930508494315,0.005999053352999996
UCR_ShakeGestureWiimoteZ,time_series,alg_star_end_to_end,200,0.00028650106396520947,0.0002736146561801,0.00047179758548735997,0.0002830578049999415
UCR_ShakeGestureWiimoteZ,time_series,initial_alg_end_to_end,200,0.0008776197349652134,0.00086835725232955,0.00095484396442769,0.000869725429999952
UCR_ShapeletSim,time_series,alg_star_end_to_end,400,0.001005201986990821,0.00099881738424295,0.0010386091656982,0.0025280067474999753
UCR_ShapeletSim,time_series,initial_alg_end_to_end,400,0.001885947114787945,0.0011258106678723998,0.00403426419943566,0.004294725692499951
UCR_ShapesAll,time_series,alg_star_end_to_end,1000,0.0010239814817904931,0.0010138615034520002,0.00107005182653665,0.003052343360999957
UCR_ShapesAll,time_series,initial_alg_end_to_end,1000,0.0012651929995044562,0.0012643430382013,0.00129091762937601,0.003766049843999971
UCR_SonyAIBORobotSurface1,time_series,alg_star_end_to_end,1000,0.00014996822550887738,0.00015128310769790002,0.000158710498362755,0.00014779799499994208
UCR_SonyAIBORobotSurface1,time_series,initial_alg_end_to_end,1000,0.0006684835869818447,0.00066590309143065,0.00069153551012274,0.0006631401629999549
UCR_StarLightCurves,time_series,alg_star_end_to_end,1000,0.003537236923351834,0.00353046040982005,0.003616026230156385,0.010510469284000014
UCR_StarLightCurves,time_series,initial_alg_end_to_end,1000,0.002001504722982595,0.001919412985444,0.00201220307499169,0.005797058048000026
UCR_Strawberry,time_series,alg_star_end_to_end,1000,0.00034566706046457055,0.00034901872277255,0.00036115180701013,0.0003412911959999457
UCR_Strawberry,time_series,initial_alg_end_to_end,1000,0.0008920237459241839,0.0008910214528441,0.0009113097563385051,0.0008832401489999544
UCR_SwedishLeaf,time_series,alg_star_end_to_end,1000,0.0002013930231332294,0.00020151771605005,0.00022054994478812998,0.000198698675999929
UCR_SwedishLeaf,time_series,initial_alg_end_to_end,1000,0.0007230368312447767,0.00072630494832985,0.000758130662143145,0.0007165326929999432
UCR_ToeSegmentation1,time_series,alg_star_end_to_end,536,0.00042848235496606717,0.0004255818203091,0.000451818108558625,0.00042373612313427293
UCR_ToeSegmentation1,time_series,initial_alg_end_to_end,536,0.000926088159486823,0.0009231455624103,0.000942434649914425,0.0009175553563432416
UCR_ToeSegmentation2,time_series,alg_star_end_to_end,332,0.0005789781830845347,0.000574009027332,0.000629387656226705,0.0005725194487951268
UCR_ToeSegmentation2,time_series,initial_alg_end_to_end,332,0.0010364556640206559,0.0010562231764196998,0.001072361366823265,0.0010260938463855054
UCR_Trace,time_series,alg_star_end_to_end,400,0.0004144195513799285,0.00041477382183069996,0.00043929275125256497,0.0004093551674999468
UCR_Trace,time_series,initial_alg_end_to_end,400,0.0009348315605893237,0.0009328015148639,0.00095322364941234,0.0009253068424999553
UCR_TwoLeadECG,time_series,alg_star_end_to_end,1000,0.0001682962011545386,0.0001702290028333,0.000181174557656,0.0001656407069999444
UCR_TwoLeadECG,time_series,initial_alg_end_to_end,1000,0.0007194984834640714,0.0007116021588444001,0.0007356577552854799,0.0007126055219999383
UCR_UMD,time_series,alg_star_end_to_end,360,0.00022841892205173667,0.00023059174418445,0.00024451077915727004,0.00022545716111106026
UCR_UMD,time_series,initial_alg_end_to_end,360,0.0008524868663192925,0.0008482211269437499,0.0008775866124778299,0.0008442475027777153
UCR_UWaveGestureLibraryAll,time_series,alg_star_end_to_end,1000,0.0030812927130609248,0.0030793733894824,0.003153202496468955,0.008814371952999951
UCR_UWaveGestureLibraryAll,time_series,initial_alg_end_to_end,1000,0.0020023652091621857,0.00179205834865565,0.002036519534885835,0.005380277893999982
UCR_UWaveGestureLibraryY,time_series,alg_star_end_to_end,1000,0.000488494597375342,0.00048378389328715,0.00052771721966562,0.00048300763299994893
UCR_UWaveGestureLibraryY,time_series,initial_alg_end_to_end,1000,0.0009359542615711192,0.0009347512386739,0.00095524028874926,0.0009270442929999459
UCR_UWaveGestureLibraryZ,time_series,alg_star_end_to_end,1000,0.0004919767137616398,0.0004883389919995999,0.0005291165784000449,0.0004865043409999575
UCR_UWaveGestureLibraryZ,time_series,initial_alg_end_to_end,1000,0.0009417226649820306,0.0009411210194229501,0.000959080178290535,0.0009323121169999503
UCR_Wine,time_series,alg_star_end_to_end,222,0.00034698258313504597,0.00035038590431205,0.000362414121627795,0.0003429048288287874
UCR_Wine,time_series,initial_alg_end_to_end,222,0.0009111065988067595,0.000909280963242,0.000929030962288355,0.000902690346846808
UCR_WordSynonyms,time_series,alg_star_end_to_end,1000,0.0004102828651666151,0.00041007995605465,0.000432744435965935,0.0004053145449999526
UCR_WordSynonyms,time_series,initial_alg_end_to_end,1000,0.0009213392790406444,0.0009203283116221001,0.000940681714564495,0.0009121233049999552
UCR_Worms,time_series,alg_star_end_to_end,516,0.0027582496188060693,0.00275945989415045,0.002829142846167,0.008223467862403052
UCR_Worms,time_series,initial_alg_end_to_end,516,0.0018725645829482575,0.0018575196154415,0.00188640900887545,0.00556707377713167
UCR_WormsTwoClass,time_series,alg_star_end_to_end,516,0.0027553989775767123,0.0027264971286058,0.0028576855547725504,0.008226322777131733
UCR_WormsTwoClass,time_series,initial_alg_end_to_end,516,0.0016658077261937163,0.0016598794609308,0.00171936256811015,0.004967731819767453
UCR_Yoga,time_series,alg_star_end_to_end,1000,0.0007641070317476485,0.0007538609206676,0.0008081900887190649,0.0007568465409999421
UCR_Yoga,time_series,initial_alg_end_to_end,1000,0.001031510572880456,0.0010290453210472501,0.001054507214575985,0.0010215982399999375
sklearn_digits_patch_clouds,images,alg_star_end_to_end,1000,0.0001840248284860932,0.00018903426825994999,0.00020003626123064498,0.00018118003999994912
sklearn_digits_patch_clouds,images,initial_alg_end_to_end,1000,0.0008825459824874502,0.00088075036182995,0.00089466539211565,0.0008740746639999564
sklearn_wine_class_clouds,tabular,alg_star_end_to_end,1000,0.0001650256142019728,0.00017399992793795,0.000186438672244475,0.0001622583969999506
sklearn_wine_class_clouds,tabular,initial_alg_end_to_end,1000,0.0008017562702297666,0.00079902727156875,0.000824605021625715,0.0007932586059999466
