metric,method_type,n_datasets,mean_f1,median_f1,n_dataset_wins,n_strict_wins,n_tied_wins
algfw_L-local_scaling_manhattan_k3_G-centroid_cosine_exponential_scale2_lambda0.7,ALG_selected_on_development,183,0.75556237,0.6870861,22.944444444444443,21,5
overlap_cosine_plus_pooled_cosine,baseline,183,0.7507464,0.68125,13.333333333333332,13,1
energy_similarity,baseline,183,0.749754,0.6852086,8.666666666666668,8,2
local_scaling_affinity,baseline,183,0.74820113,0.68310505,7.833333333333333,6,4
mmd_rbf_similarity,baseline,183,0.7470958,0.6751688,9.333333333333332,9,1
overlap_euclidean_plus_pooled_euclidean,baseline,183,0.7467774,0.6828423,3.4027777777777777,3,3
overlap_cosine_sym,baseline,183,0.7452765,0.6886792,10.21111111111111,10,2
overlap_sym,baseline,183,0.74344856,0.6785714,3.1,3,1
overlap_f1,baseline,183,0.7433344,0.67773587,6.1,6,1
cosine_pooled,baseline,183,0.73920935,0.66976744,5.0,5,0
neg_euclidean_pooled,baseline,183,0.7386103,0.67068577,2.4027777777777777,2,3
prdc_density_sym,baseline,183,0.7379295,0.670073,7.444444444444444,7,2
sliced_wasserstein_similarity,baseline,183,0.73681706,0.6738351,4.291666666666666,4,2
kid_polynomial_similarity,baseline,183,0.7357522,0.6681449,3.1,3,1
emd_wasserstein_similarity,baseline,183,0.7350177,0.6776046,1.125,1,1
coverage_sym_k5,baseline,183,0.73466444,0.6710051,1.3333333333333333,1,1
modified_hausdorff_similarity,baseline,183,0.7335332,0.6740088,1.4027777777777777,1,3
sinkhorn_divergence_similarity,baseline,183,0.73283714,0.67610323,3.125,3,1
chamfer_similarity,baseline,183,0.73268354,0.67350155,7.125,7,1
prd_f1_max,baseline,183,0.72646993,0.6698565,4.0,4,0
c2st_similarity,baseline,183,0.72583985,0.6666667,5.0,5,0
prdc_f1,baseline,183,0.7251798,0.672168,3.4444444444444446,0,8
manifold_pr_f1,baseline,183,0.7251298,0.672168,4.444444444444445,1,8
prc_f1,baseline,183,0.7244884,0.6684303,1.1111111111111112,1,1
prdc_coverage,baseline,183,0.7238673,0.6703755,1.3333333333333333,1,1
clipped_coverage,baseline,183,0.72222406,0.6688963,0.3333333333333333,0,1
beta_recall_similarity,baseline,183,0.72067404,0.67207575,0.0,0,0
gaussian_frechet_similarity,baseline,133,0.71836317,0.6680614,6.125,6,1
alpha_precision_similarity,baseline,183,0.71664935,0.66928107,0.0,0,0
best_buddies_similarity,baseline,183,0.7149945,0.6727829,7.333333333333333,7,1
prdc_density,baseline,183,0.7127758,0.6699507,1.5,1,1
prc_precision_cover,baseline,183,0.7123333,0.66714287,0.0,0,0
clipped_density,baseline,183,0.71223533,0.6678322,0.1,0,1
prc_recall_cover,baseline,183,0.7119327,0.6688172,1.0,1,0
hausdorff95_similarity,baseline,183,0.70794886,0.66812545,0.5,0,1
dcd_similarity,baseline,183,0.70742834,0.6666667,5.0,5,0
prdc_recall,baseline,183,0.70289195,0.6686047,0.6,0,2
improved_recall,baseline,183,0.70280826,0.6684073,0.6,0,2
improved_precision,baseline,183,0.7015504,0.66755676,0.6,0,2
prdc_precision,baseline,183,0.7015504,0.66755676,0.6,0,2
hausdorff_similarity,baseline,183,0.70092654,0.6671114,0.6666666666666666,0,2
point_fscore_global,baseline,183,0.6828932,0.6666667,0.3333333333333333,0,1
gromov_wasserstein_similarity,baseline,183,0.68070716,0.6666667,6.1,6,1
persistence_bottleneck_similarity,baseline,183,0.67614937,0.6659483,4.0,4,0
rank_overlap_f1,baseline,183,0.6753086,0.6666667,0.5,0,1
rank_overlap_sym,baseline,183,0.67519486,0.6666667,1.5,1,1
geometry_score_similarity,baseline,183,0.66614634,0.6657772,5.0,4,2
authenticity_similarity,baseline,183,0.66401744,0.6666667,0.0,0,0
