support,dataset,partition,n_pairs,component_compute_sec,exhaustive_evaluation_sec,fusion_sec,cv_sec
images,sklearn_digits_patch_clouds,test,1000,7.811688886024007,61.051311779767275,1.0874559879302979,59.93022918701172
tabular,sklearn_iris_class_clouds,development,1000,6.484001876786301,52.25299172103405,0.7561206817626953,51.463226318359375
tabular,sklearn_wine_class_clouds,test,1000,6.716228342615019,52.609953412786126,0.7973957061767578,51.77825927734375
tabular,sklearn_breast_cancer_class_clouds,development,1000,6.984794009476851,53.463122660294175,0.7966854572296143,52.63209533691406
neural_models,digits_mlp_activation_clouds,development,80,7.124768519774077,3.292246161028743,0.054372165352106094,3.2086212635040283
time_series,UCR_ACSF1,test,400,36.6897480804473,19.910875875502825,0.524786114692688,19.357013702392578
time_series,UCR_Adiac,test,1000,9.938763977959702,66.65198904275894,1.458195447921753,65.15985107421875
time_series,UCR_ArrowHead,test,422,4.606433415785412,17.37244782410562,0.24509620666503906,17.09252166748047
time_series,UCR_BME,development,360,2.818141562864166,15.02003489434719,0.22515511512756348,14.762195587158203
time_series,UCR_Beef,development,120,2.5585637856274785,4.552242539823055,0.06871689856052399,4.4545817375183105
time_series,UCR_BeetleFly,test,80,2.491987837478515,3.1909103393554688,0.05354088917374611,3.1079890727996826
time_series,UCR_BirdChicken,test,80,2.374842710793015,3.2187172919511795,0.051312949508428574,3.13960599899292
time_series,UCR_CBF,test,1000,8.591240076348138,52.34494238346815,0.6534838080406189,51.65828323364258
time_series,UCR_Car,test,240,7.804294853471209,9.22175113670528,0.1395924836397171,9.053658485412598
time_series,UCR_ChlorineConcentration,test,1000,9.968714846298049,53.4599144756794,0.6882717609405518,52.73689651489258
time_series,UCR_CinCECGTorso,test,1000,78.39918456412849,58.27262535691261,0.7744549512863159,57.461212158203125
time_series,UCR_Coffee,test,112,1.6329342424869482,3.7384636513888836,0.06094703823328018,3.649552345275879
time_series,UCR_Computers,test,1000,43.963477343320804,51.493363333866,0.6531867980957031,50.80268096923828
time_series,UCR_CricketX,test,1000,13.27706370316441,56.46803139336407,0.7356916666030884,55.69293212890625
time_series,UCR_CricketY,test,1000,13.226555475965093,53.980889501050115,0.6455134749412537,53.298553466796875
time_series,UCR_CricketZ,test,1000,12.727608799934336,55.80935352481902,0.7327358722686768,55.03705596923828
time_series,UCR_Crop,development,1000,6.575499005615661,55.262559877708554,0.7828506231307983,54.444847106933594
time_series,UCR_DiatomSizeReduction,development,644,10.59730360470709,28.80618373863399,0.4467402398586273,28.320966720581055
time_series,UCR_DistalPhalanxOutlineAgeGroup,development,1000,7.081838520243713,50.639758510515094,0.6867672204971313,49.91571044921875
time_series,UCR_DistalPhalanxOutlineCorrect,test,1000,7.010139863938044,54.8475736528635,0.7733176946640015,54.04036331176758
time_series,UCR_DistalPhalanxTW,development,1000,6.990157270803998,54.19665528088808,0.7835780382156372,53.379905700683594
time_series,UCR_DodgerLoopDay,development,316,4.495441924780592,13.216732924804091,0.22020311653614044,12.958436965942383
time_series,UCR_DodgerLoopGame,test,316,4.519360847771152,13.005234548822045,0.2130356729030609,12.757190704345703
time_series,UCR_DodgerLoopWeekend,test,316,4.472331522032604,12.49945493787527,0.190458744764328,12.276071548461914
time_series,UCR_ECG200,development,400,2.631203688681105,16.698611630126834,0.24226388335227966,16.425045013427734
time_series,UCR_ECG5000,test,1000,8.827648177742908,57.27288130670786,0.7713298201560974,56.46795654296875
time_series,UCR_ECGFiveDays,development,1000,8.682541279122184,54.76273815520108,0.7449991703033447,53.98408889770508
time_series,UCR_EOGHorizontalSignal,test,1000,74.69761548191306,56.02038747817278,0.7826210856437683,55.198673248291016
time_series,UCR_EOGVerticalSignal,test,1000,75.50588664412496,55.92191951535642,0.7646433115005493,55.122737884521484
time_series,UCR_Earthquakes,development,922,23.0528441034257,50.9661635030061,0.6866905689239502,50.2420654296875
time_series,UCR_ElectricDevices,development,1000,7.170951442792961,58.017149332910776,0.8138806223869324,57.164306640625
time_series,UCR_EthanolLevel,test,1000,80.5776515509933,57.586422104388475,0.7834439277648926,56.764373779296875
time_series,UCR_FaceAll,test,1000,8.455231413245151,56.196230094879866,0.7768123745918274,55.38153076171875
time_series,UCR_FaceFour,test,224,3.9289316423237217,8.790376311168075,0.15197376906871796,8.603067398071289
time_series,UCR_FacesUCR,development,1000,8.48678189702327,54.94265009555966,0.7482216358184814,54.15418243408203
time_series,UCR_FiftyWords,test,1000,11.418535385280798,58.80510385707021,0.7913820743560791,57.974464416503906
time_series,UCR_Fish,test,700,16.945283969864217,35.326809560880065,0.5269786715507507,34.754364013671875
time_series,UCR_FordA,test,1000,25.767782567068885,54.82864277437329,0.7112909555435181,54.084693908691406
time_series,UCR_FordB,test,1000,25.98966637440021,54.57767347805202,0.7076285481452942,53.831199645996094
time_series,UCR_FreezerRegularTrain,development,1000,14.622280120849563,57.08876473084092,0.7584712505340576,56.29541778564453
time_series,UCR_FreezerSmallTrain,test,1000,14.56874587200577,53.954856434836984,0.6944315433502197,53.22181701660156
time_series,UCR_Fungi,test,408,4.375190017744878,16.91557908244431,0.27394241094589233,16.607402801513672
time_series,UCR_GestureMidAirD1,development,676,6.465394934639301,33.727616153657436,0.4598248302936554,33.235382080078125
time_series,UCR_GestureMidAirD2,test,676,5.634677875786986,33.92024350911379,0.4731505513191223,33.40757369995117
time_series,UCR_GestureMidAirD3,test,676,5.519843209534851,30.234742652624846,0.4631122946739197,29.740720748901367
time_series,UCR_GesturePebbleZ1,development,608,6.1615998707711395,29.393208162859082,0.44917070865631104,28.902996063232422
time_series,UCR_GesturePebbleZ2,test,608,6.368447430431813,29.851242884993553,0.45093634724617004,29.360910415649414
time_series,UCR_GunPoint,test,400,3.56820316053925,17.297332340851426,0.282295286655426,16.97511863708496
time_series,UCR_GunPointAgeSpan,test,902,9.11820190399881,47.6748017501086,0.6494122743606567,46.989009857177734
time_series,UCR_GunPointMaleVersusFemale,test,902,7.996304692700461,49.0659077744931,0.715086817741394,48.317955017089844
time_series,UCR_GunPointOldVersusYoung,development,902,8.05561297945674,47.22873244434595,0.6853818297386169,46.509918212890625
time_series,UCR_Ham,test,428,10.174177050590494,18.105181710794568,0.26016300916671753,17.808475494384766
time_series,UCR_HandOutlines,test,1000,75.82747410424051,56.44648816995323,0.7687679529190063,55.63865661621094
time_series,UCR_Haptics,test,926,70.04174206405875,51.87918411940336,0.6924299001693726,51.14643096923828
time_series,UCR_Herring,test,256,7.09706002846359,9.910664070397615,0.15391051769256592,9.721928596496582
time_series,UCR_HouseTwenty,test,318,29.529287336394177,13.40053846500814,0.2232893854379654,13.1390962600708
time_series,UCR_InlineSkate,test,1000,72.12630755454299,59.56905862316489,0.8366308212280273,58.69269561767578
time_series,UCR_InsectEPGRegularTrain,test,622,20.244194611906977,25.6005383413285,0.4667021632194519,25.090604782104492
time_series,UCR_InsectEPGSmallTrain,test,532,19.087012941017726,21.100724013522267,0.40087515115737915,20.660219192504883
time_series,UCR_InsectWingbeatSound,development,1000,11.533759424462865,58.206769147887826,0.7950877547264099,57.37067413330078
time_series,UCR_LargeKitchenAppliances,test,1000,35.630203824490266,52.93049934506416,0.7847323417663574,52.10493850708008
time_series,UCR_Lightning2,test,242,9.50566508527844,9.558438388630748,0.13384747505187988,9.395143508911133
time_series,UCR_Lightning7,test,286,4.346307311207043,11.342424320057034,0.16300064325332642,11.148027420043945
time_series,UCR_Mallat,development,1000,79.03568043932316,56.50926879607141,0.7790554761886597,55.69071578979492
time_series,UCR_Meat,development,240,5.7803696338087205,8.747697843238711,0.1672547310590744,8.543889999389648
time_series,UCR_MedicalImages,test,1000,8.328992146998592,57.39678326994181,0.777076244354248,56.58498001098633
time_series,UCR_MelbournePedestrian,test,1000,6.161189390346357,50.90608053095639,0.6616711616516113,50.211429595947266
time_series,UCR_MiddlePhalanxOutlineAgeGroup,test,1000,7.133184107020447,53.642298728227615,0.8025305271148682,52.80128479003906
time_series,UCR_MiddlePhalanxOutlineCorrect,development,1000,7.949698893353293,53.544205555692315,0.762763261795044,52.743568420410156
time_series,UCR_MiddlePhalanxTW,test,1000,6.973370553925585,52.55435609258711,0.7254495024681091,51.797916412353516
time_series,UCR_MixedShapesRegularTrain,test,1000,81.81520529836413,57.28948957659304,0.7406249046325684,56.51519775390625
time_series,UCR_MixedShapesSmallTrain,test,1000,79.74386989045885,58.15738287381828,0.7824217081069946,57.335235595703125
time_series,UCR_MoteStrain,test,1000,7.023223599418947,55.46503149345517,0.7606691122055054,54.665802001953125
time_series,UCR_NonInvasiveFetalECGThorax1,development,1000,49.59423838742073,55.70747692324221,0.7607834935188293,54.91274642944336
time_series,UCR_NonInvasiveFetalECGThorax2,test,1000,49.11763275880362,56.012932332232594,0.7841862440109253,55.19097137451172
time_series,UCR_OSULeaf,test,884,17.390415906906085,47.76576865464449,0.6248770952224731,47.105499267578125
time_series,UCR_OliveOil,test,120,3.37426197715103,4.336256584152579,0.08323650062084198,4.220855712890625
time_series,UCR_PLAID,test,1000,16.471762066706965,53.50322835892439,0.7927953004837036,52.67328643798828
time_series,UCR_PhalangesOutlinesCorrect,test,1000,7.952262677252245,54.357602098956704,0.7779527902603149,53.54165267944336
time_series,UCR_Phoneme,test,1000,82.51730451546607,54.93286252953112,0.6652956008911133,54.23361587524414
time_series,UCR_PickupGestureWiimoteZ,test,200,1.8809807356446882,8.13266171142459,0.14095693826675415,7.9576544761657715
time_series,UCR_PigAirwayPressure,test,624,49.39016801863906,30.025543009862304,0.4763195514678955,29.508996963500977
time_series,UCR_PigArtPressure,test,624,58.105203174054594,29.384509071707726,0.460771381855011,28.884681701660156
time_series,UCR_PigCVP,test,624,54.37621295452115,29.58213591016829,0.45759114623069763,29.085832595825195
time_series,UCR_Plane,test,420,3.809394495561697,16.13751982524991,0.29183462262153625,15.809000015258789
time_series,UCR_PowerCons,test,720,5.819436641409958,37.6830070624128,0.5483368635177612,37.09246063232422
time_series,UCR_ProximalPhalanxOutlineAgeGroup,test,1000,6.612493379041503,53.63616392202675,0.783354640007019,52.819095611572266
time_series,UCR_ProximalPhalanxOutlineCorrect,test,1000,6.527221174910617,54.70881537720561,0.7919261455535889,53.87765121459961
time_series,UCR_ProximalPhalanxTW,test,1000,6.127095326781223,53.280580658465624,0.7792983651161194,52.46009063720703
time_series,UCR_RefrigerationDevices,test,1000,42.191258933395105,55.69388870149851,0.7298829555511475,54.93098068237305
time_series,UCR_Rock,test,140,12.288265751674764,4.91031033731997,0.08667108416557312,4.790637969970703
time_series,UCR_ScreenType,test,1000,43.025277245789724,54.985819146968424,0.7706118822097778,54.18111038208008
time_series,UCR_SemgHandGenderCh2,test,1000,95.6774587454274,61.30926916375756,0.8672699928283691,60.407752990722656
time_series,UCR_SemgHandMovementCh2,development,1000,94.6696124281734,58.56559006124735,0.7892107963562012,57.73809051513672
time_series,UCR_SemgHandSubjectCh2,development,1000,89.24459446966645,56.40668656863272,0.7621040344238281,55.61001205444336
time_series,UCR_ShakeGestureWiimoteZ,test,200,1.832119530066838,7.57942970842123,0.11904533207416534,7.431413650512695
time_series,UCR_ShapeletSim,test,400,10.741428749635796,16.950040524825454,0.2839670777320862,16.626720428466797
time_series,UCR_ShapesAll,test,1000,27.593507950194137,58.266604378819466,0.7934708595275879,57.43169403076172
time_series,UCR_SmallKitchenAppliances,development,1000,41.80322789121415,54.36706281080842,0.7628589272499084,53.572227478027344
time_series,UCR_SonyAIBORobotSurface1,test,1000,6.851947682909618,54.55424409173429,0.7880741953849792,53.72722244262695
time_series,UCR_SonyAIBORobotSurface2,development,1000,7.5675267931073416,52.06720841303468,0.7006027698516846,51.334136962890625
time_series,UCR_StarLightCurves,test,1000,66.58116486296055,55.996465721167624,0.7764996290206909,55.18061447143555
time_series,UCR_Strawberry,test,1000,11.799871029332232,57.15565920993686,0.7996665835380554,56.317867279052734
time_series,UCR_SwedishLeaf,test,1000,8.521496297791554,54.68495302833617,0.7490958571434021,53.90238952636719
time_series,UCR_Symbols,development,1000,19.757684933021615,55.53510361537337,0.7897735834121704,54.70662307739258
time_series,UCR_SyntheticControl,development,1000,7.114982372149775,54.10257565230131,0.7871817350387573,53.276031494140625
time_series,UCR_ToeSegmentation1,test,536,6.600480258464787,25.03636505268514,0.3859790563583374,24.611133575439453
time_series,UCR_ToeSegmentation2,test,332,4.937373263761384,13.995617471635342,0.23383350670337677,13.726840019226074
time_series,UCR_Trace,test,400,4.732456238940338,16.990856209769845,0.27096179127693176,16.6826114654541
time_series,UCR_TwoLeadECG,test,1000,6.571370523422907,52.72818190976977,0.724844217300415,51.96466064453125
time_series,UCR_TwoPatterns,development,1000,8.21862134896214,76.25590394064784,1.4508424997329712,74.77389526367188
time_series,UCR_UMD,test,360,3.2342522982507784,22.61522299796343,0.5434215068817139,22.039073944091797
time_series,UCR_UWaveGestureLibraryAll,test,1000,70.38802858255801,79.07391403615475,1.5584495067596436,77.4793701171875
time_series,UCR_UWaveGestureLibraryX,development,1000,15.869745107367585,76.20460049808025,1.4843015670776367,74.68438720703125
time_series,UCR_UWaveGestureLibraryY,test,1000,14.623616393655489,79.32585617341101,1.5135719776153564,77.7764892578125
time_series,UCR_UWaveGestureLibraryZ,test,1000,14.747649463824876,76.36224885098636,1.4895509481430054,74.83525085449219
time_series,UCR_Wafer,development,1000,10.106302501633714,77.11149369552732,1.5184707641601562,75.55772399902344
time_series,UCR_Wine,test,222,2.2092539407312763,8.572141464799643,0.30525994300842285,8.239551544189453
time_series,UCR_WordSynonyms,test,1000,13.295768307521891,73.74777634628117,1.3819835186004639,72.33110046386719
time_series,UCR_Worms,test,516,34.06883282773195,34.38989755511284,0.9223996996879578,33.43012237548828
time_series,UCR_WormsTwoClass,test,516,35.96696118265389,31.65268875658512,0.8249645233154297,30.799240112304688
time_series,UCR_Yoga,test,1000,18.246955297887276,74.38471867144108,1.3862149715423584,72.96656036376953
text,GLUE_stsb,test,911,179.13257831148803,64.89368581213057,1.332841396331787,63.52510070800781
text,GLUE_mrpc,test,408,80.09833507053554,17.45884014107287,0.2555627226829529,17.169368743896484
text,GLUE_qqp,test,1000,195.79873108677566,54.807144375517964,0.7157919406890869,54.0572509765625
text,GLUE_mnli,development,1000,195.22933302260935,57.90002782270312,0.8196488618850708,57.04698944091797
text,GLUE_qnli,test,1000,186.90852599404752,55.672844329848886,0.7684276103973389,54.87194061279297
text,GLUE_rte,test,277,52.903989827260375,14.255103077739477,0.43948689103126526,13.785266876220703
text,GLUE_wnli,test,71,14.035083502531052,2.7364038303494453,0.04848957061767578,2.660675048828125
graphs,TUDataset_MUTAG,development,376,2.554196540266257,12.218908101320267,0.23175227642059326,11.954107284545898
graphs,TUDataset_PROTEINS,test,1000,8.038814250379751,48.3489053286612,0.9780470132827759,47.342796325683594
graphs,TUDataset_ENZYMES,test,1000,6.913564028218338,60.5294304639101,1.5513300895690918,58.94636917114258
graphs,TUDataset_NCI1,development,1000,8.394841426983426,70.1049192994833,1.466994285583496,68.60926818847656
graphs,TUDataset_NCI109,test,1000,9.188499266281678,72.76854139752686,1.525701880455017,71.20994567871094
graphs,TUDataset_DD,test,1000,83.56171803269532,71.56644370220602,1.4943180084228516,70.04035949707031
graphs,TUDataset_Mutagenicity,test,1000,8.434322841465423,47.12091495655477,0.6391377449035645,46.448577880859375
graphs,TUDataset_AIDS,test,1000,8.691146099939893,65.96731852926314,1.3566575050354004,64.5830078125
graphs,TUDataset_BZR,test,810,7.885608056560118,36.371738540008664,0.5866327285766602,35.750125885009766
graphs,TUDataset_COX2,test,934,8.227151893079233,42.058781845495105,0.6304916739463806,41.39733123779297
graphs,TUDataset_DHFR,test,1000,10.435641407966568,70.32868467643857,1.4922287464141846,68.80744934082031
graphs,TUDataset_PTC_MR,development,688,4.795975299552049,28.942010052502155,0.4646943509578705,28.442323684692383
graphs,TUDataset_PTC_MM,test,672,4.317958705127207,27.189499489963055,0.4417417645454407,26.718732833862305
graphs,TUDataset_PTC_FR,test,702,4.448601726442542,27.641538506373763,0.43228697776794434,27.17581558227539
graphs,TUDataset_PTC_FM,test,698,4.5242762546985995,30.833400521427393,0.5156496167182922,30.2791805267334
graphs,TUDataset_IMDB-BINARY,test,1000,7.278127532452295,57.897300412878394,0.7817544341087341,57.08616638183594
graphs,TUDataset_IMDB-MULTI,development,1000,6.8748734015970925,56.28481757082045,0.7805083990097046,55.46573257446289
graphs,TUDataset_REDDIT-BINARY,development,1000,55.276705080643254,54.20914785563946,0.7360382080078125,53.442710876464844
graphs,TUDataset_REDDIT-MULTI-5K,test,1000,68.26196262054142,55.15943356230855,0.7604222893714905,54.363800048828125
graphs,TUDataset_REDDIT-MULTI-12K,test,1000,59.18495263159271,56.24310702085495,0.7776916027069092,55.43568420410156
graphs,TUDataset_COLLAB,development,1000,17.39583817590023,71.32964432239532,1.5896577835083008,69.70146942138672
images,TorchVision_MNIST,test,1000,13.630821542814328,66.15063642710447,1.4591102600097656,64.65602111816406
images,TorchVision_FashionMNIST,development,1000,13.545181514695237,67.00826204381883,1.396144986152649,65.58197021484375
images,TorchVision_KMNIST,test,1000,11.548202760517547,70.69127255864441,1.527312994003296,69.13749694824219
images,TorchVision_EMNIST-Balanced,test,1000,13.53382233530278,56.93683614209294,0.7677347660064697,56.14158630371094
images,TorchVision_QMNIST,development,1000,13.445331824943374,55.37636278010905,0.7506702542304993,54.59309387207031
images,TorchVision_USPS,test,1000,11.48965415544803,57.86126639507711,0.7766408324241638,57.051387786865234
images,TorchVision_CIFAR5,test,1000,12.449000785127232,56.22364413551986,0.7444058656692505,55.44496154785156
images,TorchVision_CIFAR10,development,1000,11.774676442146253,57.52444706298411,0.7688378691673279,56.723052978515625
images,TorchVision_CIFAR100,test,1000,13.718988468870473,57.14195170998573,0.7865828275680542,56.32142639160156
images,TorchVision_SVHN,test,1000,14.773628754541228,56.38413707911968,0.7623040676116943,55.58409881591797
images,TorchVision_STL10,test,1000,13.60450314730401,54.91575183160603,0.7067316770553589,54.17219543457031
images,TorchVision_Caltech101,test,1000,13.70209995098407,79.57794749736786,1.526891827583313,78.01449584960938
images,TorchVision_Caltech256,test,1000,13.671442363411138,57.48349497281015,0.7691775560379028,56.679500579833984
images,TorchVision_Flowers102,development,1000,12.611876526847432,56.85847848467529,0.7732962369918823,56.04665756225586
images,TorchVision_OxfordIIITPet,development,1000,13.753107173368285,59.300589103251696,0.8196015357971191,58.4426383972168
images,TorchVision_Food101,test,1000,11.653676554560612,56.46090388856828,0.7355112433433533,55.69622039794922
openml,OpenML_suite_99_3,test,1000,8.676865037530611,53.026051450520754,0.7709047794342041,52.22169494628906
openml,OpenML_suite_99_6,test,1000,6.692007631063411,52.66541814990342,0.7504251003265381,51.88331985473633
openml,OpenML_suite_99_11,test,1000,6.424205407500216,54.272122697904706,0.7652226686477661,53.473541259765625
openml,OpenML_suite_99_12,development,1000,61.10482075437899,54.66296794079244,1.056542158126831,53.57280731201172
openml,OpenML_suite_99_14,development,1000,12.742400338873217,53.535719787701964,0.7533272504806519,52.75029373168945
openml,OpenML_suite_99_15,test,1000,5.932779137045096,53.83337860740721,0.7657651901245117,53.03412628173828
openml,OpenML_suite_99_16,test,1000,7.431007442995856,49.08696594834328,0.6851693987846375,48.3736572265625
openml,OpenML_suite_99_18,test,1000,5.884050313383291,54.25236742012203,0.8033321499824524,53.406471252441406
openml,OpenML_suite_99_22,test,1000,7.448073642328334,55.12945877574384,0.8143733739852905,54.276100158691406
openml,OpenML_suite_99_23,test,1000,6.992673965170928,71.48224882222712,1.5881214141845703,69.86203002929688
openml,OpenML_suite_99_28,test,1000,9.5295791747048,52.00400348007679,0.7234663963317871,51.24787902832031
openml,OpenML_suite_99_29,test,1000,7.892324042506465,54.06473103351891,0.738717794418335,53.30011749267578
openml,OpenML_suite_99_31,test,1000,8.46483404375608,54.03774021565914,0.722022533416748,53.28515625
openml,OpenML_suite_99_32,development,1000,6.6510467678308025,51.098025454208255,0.7531448602676392,50.31523895263672
openml,OpenML_suite_99_37,test,1000,5.968421701341818,55.629166790284216,0.7814486026763916,54.81245803833008
openml,OpenML_suite_99_44,test,1000,8.091282602399538,55.30643361620605,0.8027899265289307,54.46895980834961
openml,OpenML_suite_99_46,development,1000,84.10838863439855,65.71529282815754,1.5663472414016724,64.1177978515625
openml,OpenML_suite_99_50,test,1000,6.924948921427081,67.98686233814806,1.575522541999817,66.37808227539062
openml,OpenML_suite_99_54,test,1000,5.929192146286319,55.34067428857088,0.7862280607223511,54.52201843261719
openml,OpenML_suite_99_151,development,1000,6.370845930650781,55.34598003141582,0.7936277389526367,54.51263427734375
openml,OpenML_suite_99_182,test,1000,7.086477017030072,52.55011357739568,0.7812916040420532,51.73119354248047
openml,OpenML_suite_99_188,test,1000,9.487168068066193,54.51059801131487,0.7778729200363159,53.69499206542969
openml,OpenML_suite_99_38,test,1000,7.213875720277379,54.53037632443011,0.7903084754943848,53.70178985595703
openml,OpenML_suite_99_307,test,1000,7.246193543076466,66.99686400778592,1.5028636455535889,65.468505859375
openml,OpenML_suite_99_300,test,1000,361.5651905220002,65.31995238550007,1.4950416088104248,63.796295166015625
openml,OpenML_suite_99_458,test,1000,8.76460806094105,52.13645644392818,0.7639826536178589,51.337196350097656
openml,OpenML_suite_99_469,test,1000,8.17188948392863,76.6048644669354,1.5630675554275513,75.00527954101562
openml,OpenML_suite_99_554,development,1000,303.1500815227628,54.579341201111674,0.8307320475578308,53.72074890136719
openml,OpenML_suite_99_1049,development,1000,7.1420761421322325,56.095129692927,0.7819867134094238,55.283058166503906
openml,OpenML_suite_99_1050,test,1000,7.313234379515004,55.37676290795207,0.7646239399909973,54.57787322998047
openml,OpenML_suite_99_1053,test,1000,7.7478824220597255,55.75215904228389,0.7578004598617554,54.962120056152344
openml,OpenML_suite_99_1063,development,1000,6.71901804022486,54.5649690721184,0.7462374567985535,53.78825378417969
openml,OpenML_suite_99_1067,test,1000,7.726961022242853,55.52442794293165,0.7489365339279175,54.74590301513672
openml,OpenML_suite_99_1068,test,1000,6.752309295348775,57.26786960847676,0.8072482347488403,56.4271240234375
openml,OpenML_suite_99_1590,test,1000,10.35563462227578,54.71508617699146,0.7900235652923584,53.88787078857422
openml,OpenML_suite_99_4134,test,1000,1899.433823717758,54.33875186741352,0.7563499212265015,53.54907989501953
openml,OpenML_suite_99_1510,test,1000,6.862141380086491,52.56771015934646,0.78641676902771,51.75080108642578
openml,OpenML_suite_99_1489,test,1000,6.14156772941346,54.312628043815494,0.7227835655212402,53.55694580078125
openml,OpenML_suite_99_1494,test,1000,7.882246326655102,77.93939263559878,1.5596928596496582,76.34861755371094
openml,OpenML_suite_99_1497,development,1000,6.99999043159182,54.88643289357424,0.7824306488037109,54.069091796875
openml,OpenML_suite_99_1501,test,1000,72.48451058380303,53.07010102272034,0.7823842763900757,52.25129699707031
openml,OpenML_suite_99_1480,test,1000,6.150556469336102,51.04742089472711,0.6211023330688477,50.39727020263672
openml,OpenML_suite_99_1485,development,1000,251.24415736459196,77.80187974870205,1.5984165668487549,76.1668701171875
openml,OpenML_suite_99_1486,test,1000,34.62880509346719,54.03146304003894,0.7927665114402771,53.19892120361328
openml,OpenML_suite_99_1487,test,1000,9.167485125362825,55.463743317872286,0.796852707862854,54.627105712890625
openml,OpenML_suite_99_1468,test,1000,406.15657583996654,51.30443643592298,0.7058930397033691,50.56018829345703
openml,OpenML_suite_99_1475,development,1000,7.590502662584134,58.63692366145551,1.0526528358459473,57.550498962402344
openml,OpenML_suite_99_1462,test,1000,6.7142058089375,53.49966636393219,0.789069652557373,52.669288635253906
openml,OpenML_suite_99_1464,test,1000,6.1795045863836515,52.339573161676526,0.6576418876647949,51.65330505371094
openml,OpenML_suite_99_4534,development,1000,7.830682428553651,52.59055510349572,0.7651148438453674,51.78782272338867
openml,OpenML_suite_99_6332,test,1000,21.908075949177096,55.32590318284929,0.7913364171981812,54.50342559814453
openml,OpenML_suite_99_1461,test,1000,7.001544993370722,54.148480923846364,0.7552845478057861,53.360206604003906
openml,OpenML_suite_99_4538,test,1000,6.91955647431309,81.73323385231197,1.5902488231658936,80.11369323730469
openml,OpenML_suite_99_1478,test,1000,300.9425263144076,52.49640536587685,0.7748874425888062,51.687721252441406
openml,OpenML_suite_99_23381,test,1000,15.359201787039588,57.24033522233367,0.7954531908035278,56.41162109375
openml,OpenML_suite_99_40499,development,1000,7.168408723548007,53.04311588499695,0.7729980945587158,52.23738479614258
openml,OpenML_suite_99_40668,test,1000,11.79032195918257,51.90337559208274,0.7236422300338745,51.14665603637695
openml,OpenML_suite_99_40966,test,1000,9.313535153865766,77.59053370170295,1.5274263620376587,76.03217315673828
openml,OpenML_suite_99_40982,test,1000,6.391871232539366,69.22536522895098,1.5989162921905518,67.59172058105469
openml,OpenML_suite_99_40994,test,1000,6.603306518867562,54.26623100787401,0.7689487934112549,53.458740234375
openml,OpenML_suite_99_40983,development,1000,6.478288363665291,53.32308637723327,0.672128438949585,52.6226806640625
openml,OpenML_suite_99_40975,test,1000,6.7695936923846105,52.59537233412266,0.7826424837112427,51.78022003173828
openml,OpenML_suite_99_40984,development,1000,7.628043480217405,53.12906326726079,0.7726243734359741,52.32554626464844
openml,OpenML_suite_99_40979,test,1000,43.08883906714614,52.621500932611525,0.8001385927200317,51.78601837158203
openml,OpenML_suite_99_40996,test,1000,443.9335153931752,49.906964130699635,0.6880245208740234,49.186805725097656
openml,OpenML_suite_99_41027,test,1000,6.483163980767079,53.09043909609318,0.7192848920822144,52.33756637573242
openml,OpenML_suite_99_23517,test,1000,6.722229408100198,55.93811367638409,0.7932990789413452,55.107757568359375
openml,OpenML_suite_99_40923,test,1000,797.6469622347504,52.72471076250076,0.7902191877365112,51.89614486694336
openml,OpenML_suite_99_40927,test,1000,11592.62268179655,54.419786798767745,0.7764352560043335,53.601070404052734
openml,OpenML_suite_99_40978,test,1000,5150.095789549872,69.48005183413625,1.6593732833862305,67.78668212890625
openml,OpenML_suite_99_40670,test,1000,102.9729803819209,62.517200822010636,1.476149320602417,61.005760192871094
openml,OpenML_suite_99_40701,test,1000,7.060277918353625,52.080661710351706,0.6950088143348694,51.352561950683594
