support,dataset,metric,f1,configuration_status
neural_models_external,KMNIST_mlp_activation_clouds_external,algfw_L-local_scaling_manhattan_k3_G-centroid_cosine_exponential_scale2_lambda0.7,0.7766990065574646,frozen_before_external_neural_evaluation
neural_models_external,MNIST_mlp_activation_clouds_external,algfw_L-local_scaling_manhattan_k3_G-centroid_cosine_exponential_scale2_lambda0.7,0.7526881694793701,frozen_before_external_neural_evaluation
neural_models_external,USPS_mlp_activation_clouds_external,algfw_L-local_scaling_manhattan_k3_G-centroid_cosine_exponential_scale2_lambda0.7,0.8247422575950623,frozen_before_external_neural_evaluation
neural_models_external,KMNIST_mlp_activation_clouds_external,overlap_sym,0.8863636363636364,
neural_models_external,KMNIST_mlp_activation_clouds_external,overlap_f1,0.8863636363636364,
neural_models_external,KMNIST_mlp_activation_clouds_external,overlap_cosine_sym,0.8705882352941177,
neural_models_external,KMNIST_mlp_activation_clouds_external,overlap_cosine_plus_pooled_cosine,0.7339449541284404,
neural_models_external,KMNIST_mlp_activation_clouds_external,overlap_euclidean_plus_pooled_euclidean,0.7835051546391752,
neural_models_external,KMNIST_mlp_activation_clouds_external,cosine_pooled,0.6727272727272727,
neural_models_external,KMNIST_mlp_activation_clouds_external,neg_euclidean_pooled,0.7628865979381443,
neural_models_external,KMNIST_mlp_activation_clouds_external,chamfer_similarity,0.7126436781609196,
neural_models_external,KMNIST_mlp_activation_clouds_external,hausdorff_similarity,0.813953488372093,
neural_models_external,KMNIST_mlp_activation_clouds_external,modified_hausdorff_similarity,0.8048780487804879,
neural_models_external,KMNIST_mlp_activation_clouds_external,hausdorff95_similarity,0.7640449438202247,
neural_models_external,KMNIST_mlp_activation_clouds_external,point_fscore_global,0.6666666666666666,
neural_models_external,KMNIST_mlp_activation_clouds_external,best_buddies_similarity,0.8314606741573034,
neural_models_external,KMNIST_mlp_activation_clouds_external,coverage_sym_k5,0.8181818181818182,
neural_models_external,KMNIST_mlp_activation_clouds_external,manifold_pr_f1,0.8,
neural_models_external,KMNIST_mlp_activation_clouds_external,improved_precision,0.7547169811320755,
neural_models_external,KMNIST_mlp_activation_clouds_external,improved_recall,0.7843137254901961,
neural_models_external,KMNIST_mlp_activation_clouds_external,prdc_precision,0.7547169811320755,
neural_models_external,KMNIST_mlp_activation_clouds_external,prdc_recall,0.7843137254901961,
neural_models_external,KMNIST_mlp_activation_clouds_external,prdc_density,0.7766990291262136,
neural_models_external,KMNIST_mlp_activation_clouds_external,prdc_coverage,0.8333333333333334,
neural_models_external,KMNIST_mlp_activation_clouds_external,prdc_f1,0.8,
neural_models_external,KMNIST_mlp_activation_clouds_external,prdc_density_sym,0.8636363636363636,
neural_models_external,KMNIST_mlp_activation_clouds_external,prc_precision_cover,0.8045977011494253,
neural_models_external,KMNIST_mlp_activation_clouds_external,prc_recall_cover,0.8297872340425532,
neural_models_external,KMNIST_mlp_activation_clouds_external,prc_f1,0.8387096774193549,
neural_models_external,KMNIST_mlp_activation_clouds_external,clipped_density,0.7647058823529411,
neural_models_external,KMNIST_mlp_activation_clouds_external,clipped_coverage,0.8314606741573034,
neural_models_external,KMNIST_mlp_activation_clouds_external,local_scaling_affinity,0.8539325842696629,
neural_models_external,KMNIST_mlp_activation_clouds_external,dcd_similarity,0.7619047619047619,
neural_models_external,KMNIST_mlp_activation_clouds_external,energy_similarity,0.7912087912087912,
neural_models_external,KMNIST_mlp_activation_clouds_external,mmd_rbf_similarity,0.8387096774193549,
neural_models_external,KMNIST_mlp_activation_clouds_external,kid_polynomial_similarity,0.7578947368421053,
neural_models_external,KMNIST_mlp_activation_clouds_external,prd_f1_max,0.8210526315789474,
neural_models_external,KMNIST_mlp_activation_clouds_external,c2st_similarity,0.8571428571428571,
neural_models_external,KMNIST_mlp_activation_clouds_external,alpha_precision_similarity,0.7474747474747475,
neural_models_external,KMNIST_mlp_activation_clouds_external,beta_recall_similarity,0.8,
neural_models_external,KMNIST_mlp_activation_clouds_external,authenticity_similarity,0.6554621848739496,
neural_models_external,KMNIST_mlp_activation_clouds_external,gaussian_frechet_similarity,0.8260869565217391,
neural_models_external,KMNIST_mlp_activation_clouds_external,sliced_wasserstein_similarity,0.8041237113402062,
neural_models_external,KMNIST_mlp_activation_clouds_external,emd_wasserstein_similarity,0.7391304347826086,
neural_models_external,KMNIST_mlp_activation_clouds_external,sinkhorn_divergence_similarity,0.8125,
neural_models_external,KMNIST_mlp_activation_clouds_external,gromov_wasserstein_similarity,0.8888888888888888,
neural_models_external,KMNIST_mlp_activation_clouds_external,persistence_bottleneck_similarity,0.6728971962616822,
neural_models_external,KMNIST_mlp_activation_clouds_external,geometry_score_similarity,0.6732673267326733,
neural_models_external,MNIST_mlp_activation_clouds_external,overlap_sym,0.8181818181818182,
neural_models_external,MNIST_mlp_activation_clouds_external,overlap_f1,0.8181818181818182,
neural_models_external,MNIST_mlp_activation_clouds_external,overlap_cosine_sym,0.7529411764705882,
neural_models_external,MNIST_mlp_activation_clouds_external,overlap_cosine_plus_pooled_cosine,0.7647058823529411,
neural_models_external,MNIST_mlp_activation_clouds_external,overlap_euclidean_plus_pooled_euclidean,0.8125,
neural_models_external,MNIST_mlp_activation_clouds_external,cosine_pooled,0.7572815533980582,
neural_models_external,MNIST_mlp_activation_clouds_external,neg_euclidean_pooled,0.7446808510638298,
neural_models_external,MNIST_mlp_activation_clouds_external,chamfer_similarity,0.7692307692307693,
neural_models_external,MNIST_mlp_activation_clouds_external,hausdorff_similarity,0.7027027027027027,
neural_models_external,MNIST_mlp_activation_clouds_external,modified_hausdorff_similarity,0.7843137254901961,
neural_models_external,MNIST_mlp_activation_clouds_external,hausdorff95_similarity,0.7920792079207921,
neural_models_external,MNIST_mlp_activation_clouds_external,point_fscore_global,0.7045454545454546,
neural_models_external,MNIST_mlp_activation_clouds_external,best_buddies_similarity,0.7216494845360825,
neural_models_external,MNIST_mlp_activation_clouds_external,coverage_sym_k5,0.7368421052631579,
neural_models_external,MNIST_mlp_activation_clouds_external,manifold_pr_f1,0.7659574468085106,
neural_models_external,MNIST_mlp_activation_clouds_external,improved_precision,0.7551020408163265,
neural_models_external,MNIST_mlp_activation_clouds_external,improved_recall,0.7555555555555555,
neural_models_external,MNIST_mlp_activation_clouds_external,prdc_precision,0.7551020408163265,
neural_models_external,MNIST_mlp_activation_clouds_external,prdc_recall,0.7555555555555555,
neural_models_external,MNIST_mlp_activation_clouds_external,prdc_density,0.7959183673469388,
neural_models_external,MNIST_mlp_activation_clouds_external,prdc_coverage,0.7368421052631579,
neural_models_external,MNIST_mlp_activation_clouds_external,prdc_f1,0.7659574468085106,
neural_models_external,MNIST_mlp_activation_clouds_external,prdc_density_sym,0.7216494845360825,
neural_models_external,MNIST_mlp_activation_clouds_external,prc_precision_cover,0.7578947368421053,
neural_models_external,MNIST_mlp_activation_clouds_external,prc_recall_cover,0.75,
neural_models_external,MNIST_mlp_activation_clouds_external,prc_f1,0.7422680412371134,
neural_models_external,MNIST_mlp_activation_clouds_external,clipped_density,0.7692307692307693,
neural_models_external,MNIST_mlp_activation_clouds_external,clipped_coverage,0.8041237113402062,
neural_models_external,MNIST_mlp_activation_clouds_external,local_scaling_affinity,0.7708333333333334,
neural_models_external,MNIST_mlp_activation_clouds_external,dcd_similarity,0.7272727272727273,
neural_models_external,MNIST_mlp_activation_clouds_external,energy_similarity,0.7628865979381443,
neural_models_external,MNIST_mlp_activation_clouds_external,mmd_rbf_similarity,0.7391304347826086,
neural_models_external,MNIST_mlp_activation_clouds_external,kid_polynomial_similarity,0.7912087912087912,
neural_models_external,MNIST_mlp_activation_clouds_external,prd_f1_max,0.75,
neural_models_external,MNIST_mlp_activation_clouds_external,c2st_similarity,0.8163265306122449,
neural_models_external,MNIST_mlp_activation_clouds_external,alpha_precision_similarity,0.7526881720430108,
neural_models_external,MNIST_mlp_activation_clouds_external,beta_recall_similarity,0.7628865979381443,
neural_models_external,MNIST_mlp_activation_clouds_external,authenticity_similarity,0.6837606837606838,
neural_models_external,MNIST_mlp_activation_clouds_external,gaussian_frechet_similarity,0.7722772277227723,
neural_models_external,MNIST_mlp_activation_clouds_external,sliced_wasserstein_similarity,0.75,
neural_models_external,MNIST_mlp_activation_clouds_external,emd_wasserstein_similarity,0.75,
neural_models_external,MNIST_mlp_activation_clouds_external,sinkhorn_divergence_similarity,0.7472527472527473,
neural_models_external,MNIST_mlp_activation_clouds_external,gromov_wasserstein_similarity,0.72,
neural_models_external,MNIST_mlp_activation_clouds_external,persistence_bottleneck_similarity,0.6440677966101694,
neural_models_external,MNIST_mlp_activation_clouds_external,geometry_score_similarity,0.6956521739130435,
neural_models_external,USPS_mlp_activation_clouds_external,overlap_sym,0.8539325842696629,
neural_models_external,USPS_mlp_activation_clouds_external,overlap_f1,0.8539325842696629,
neural_models_external,USPS_mlp_activation_clouds_external,overlap_cosine_sym,0.8409090909090909,
neural_models_external,USPS_mlp_activation_clouds_external,overlap_cosine_plus_pooled_cosine,0.7407407407407407,
neural_models_external,USPS_mlp_activation_clouds_external,overlap_euclidean_plus_pooled_euclidean,0.8247422680412371,
neural_models_external,USPS_mlp_activation_clouds_external,cosine_pooled,0.6857142857142857,
neural_models_external,USPS_mlp_activation_clouds_external,neg_euclidean_pooled,0.8247422680412371,
neural_models_external,USPS_mlp_activation_clouds_external,chamfer_similarity,0.7415730337078652,
neural_models_external,USPS_mlp_activation_clouds_external,hausdorff_similarity,0.6823529411764706,
neural_models_external,USPS_mlp_activation_clouds_external,modified_hausdorff_similarity,0.7692307692307693,
neural_models_external,USPS_mlp_activation_clouds_external,hausdorff95_similarity,0.8210526315789474,
neural_models_external,USPS_mlp_activation_clouds_external,point_fscore_global,0.6666666666666666,
neural_models_external,USPS_mlp_activation_clouds_external,best_buddies_similarity,0.8636363636363636,
neural_models_external,USPS_mlp_activation_clouds_external,coverage_sym_k5,0.8222222222222222,
neural_models_external,USPS_mlp_activation_clouds_external,manifold_pr_f1,0.8695652173913043,
neural_models_external,USPS_mlp_activation_clouds_external,improved_precision,0.7547169811320755,
neural_models_external,USPS_mlp_activation_clouds_external,improved_recall,0.7307692307692307,
neural_models_external,USPS_mlp_activation_clouds_external,prdc_precision,0.7547169811320755,
neural_models_external,USPS_mlp_activation_clouds_external,prdc_recall,0.7307692307692307,
neural_models_external,USPS_mlp_activation_clouds_external,prdc_density,0.7128712871287128,
neural_models_external,USPS_mlp_activation_clouds_external,prdc_coverage,0.8351648351648352,
neural_models_external,USPS_mlp_activation_clouds_external,prdc_f1,0.8695652173913043,
neural_models_external,USPS_mlp_activation_clouds_external,prdc_density_sym,0.8314606741573034,
neural_models_external,USPS_mlp_activation_clouds_external,prc_precision_cover,0.8275862068965517,
neural_models_external,USPS_mlp_activation_clouds_external,prc_recall_cover,0.8421052631578947,
neural_models_external,USPS_mlp_activation_clouds_external,prc_f1,0.8478260869565217,
neural_models_external,USPS_mlp_activation_clouds_external,clipped_density,0.7692307692307693,
neural_models_external,USPS_mlp_activation_clouds_external,clipped_coverage,0.8260869565217391,
neural_models_external,USPS_mlp_activation_clouds_external,local_scaling_affinity,0.8695652173913043,
neural_models_external,USPS_mlp_activation_clouds_external,dcd_similarity,0.7096774193548387,
neural_models_external,USPS_mlp_activation_clouds_external,energy_similarity,0.8163265306122449,
neural_models_external,USPS_mlp_activation_clouds_external,mmd_rbf_similarity,0.8041237113402062,
neural_models_external,USPS_mlp_activation_clouds_external,kid_polynomial_similarity,0.7816091954022989,
neural_models_external,USPS_mlp_activation_clouds_external,prd_f1_max,0.7659574468085106,
neural_models_external,USPS_mlp_activation_clouds_external,c2st_similarity,0.8571428571428571,
neural_models_external,USPS_mlp_activation_clouds_external,alpha_precision_similarity,0.8210526315789474,
neural_models_external,USPS_mlp_activation_clouds_external,beta_recall_similarity,0.7956989247311828,
neural_models_external,USPS_mlp_activation_clouds_external,authenticity_similarity,0.6324786324786325,
neural_models_external,USPS_mlp_activation_clouds_external,gaussian_frechet_similarity,0.7954545454545454,
neural_models_external,USPS_mlp_activation_clouds_external,sliced_wasserstein_similarity,0.8043478260869565,
neural_models_external,USPS_mlp_activation_clouds_external,emd_wasserstein_similarity,0.8260869565217391,
neural_models_external,USPS_mlp_activation_clouds_external,sinkhorn_divergence_similarity,0.8172043010752689,
neural_models_external,USPS_mlp_activation_clouds_external,gromov_wasserstein_similarity,0.8607594936708861,
neural_models_external,USPS_mlp_activation_clouds_external,persistence_bottleneck_similarity,0.6236559139784946,
neural_models_external,USPS_mlp_activation_clouds_external,geometry_score_similarity,0.6296296296296297,
