metric,n_datasets,mean_f1,median_f1,n_dataset_wins,n_strict_wins,n_tied_wins
overlap_f1,3,0.8528260129383725,0.8539325842696629,0.5,0,1
overlap_sym,3,0.8528260129383725,0.8539325842696629,0.5,0,1
c2st_similarity,3,0.8435374149659864,0.8571428571428571,0.0,0,0
local_scaling_affinity,3,0.8314437116647668,0.8539325842696629,0.3333333333333333,0,1
gromov_wasserstein_similarity,3,0.8232161275199249,0.8607594936708861,1.0,1,0
overlap_cosine_sym,3,0.8214795008912655,0.8409090909090909,0.0,0,0
clipped_coverage,3,0.8205571140064163,0.8260869565217391,0.0,0,0
manifold_pr_f1,3,0.8118408880666049,0.8,0.3333333333333333,0,1
prdc_f1,3,0.8118408880666049,0.8,0.3333333333333333,0,1
prc_f1,3,0.8096012685376633,0.8387096774193549,0.0,0,0
prc_recall_cover,3,0.8072974990668159,0.8297872340425532,0.0,0,0
overlap_euclidean_plus_pooled_euclidean,3,0.8069158075601374,0.8125,0.0,0,0
best_buddies_similarity,3,0.8055821741099165,0.8314606741573034,0.0,0,0
prdc_density_sym,3,0.8055821741099165,0.8314606741573034,0.0,0,0
prdc_coverage,3,0.8017800912537755,0.8333333333333334,0.0,0,0
gaussian_frechet_similarity,3,0.7979395765663523,0.7954545454545454,0.0,0,0
prc_precision_cover,3,0.7966928816293608,0.8045977011494253,0.0,0,0
mmd_rbf_similarity,3,0.7939879411807231,0.8041237113402062,0.0,0,0
coverage_sym_k5,3,0.7924153818890661,0.8181818181818182,0.0,0,0
hausdorff95_similarity,3,0.7923922611066546,0.7920792079207921,0.0,0,0
sinkhorn_divergence_similarity,3,0.7923190161093387,0.8125,0.0,0,0
energy_similarity,3,0.7901406399197267,0.7912087912087912,0.0,0,0
beta_recall_similarity,3,0.786195174223109,0.7956989247311828,0.0,0,0
sliced_wasserstein_similarity,3,0.7861571791423877,0.8041237113402062,0.0,0,0
modified_hausdorff_similarity,3,0.7861408478338178,0.7843137254901961,0.0,0,0
algfw_L-local_scaling_manhattan_k3_G-centroid_cosine_exponential_scale2_lambda0.7,3,0.7847098112106323,0.7766990065574646,0.0,0,0
prd_f1_max,3,0.7790033594624859,0.7659574468085106,0.0,0,0
neg_euclidean_pooled,3,0.777436572347737,0.7628865979381443,0.0,0,0
kid_polynomial_similarity,3,0.776904241151065,0.7816091954022989,0.0,0,0
alpha_precision_similarity,3,0.7737385170322352,0.7526881720430108,0.0,0,0
emd_wasserstein_similarity,3,0.7717391304347826,0.75,0.0,0,0
clipped_density,3,0.7677224736048265,0.7692307692307693,0.0,0,0
prdc_density,3,0.7618295612006216,0.7766990291262136,0.0,0,0
improved_recall,3,0.7568795039383275,0.7555555555555555,0.0,0,0
prdc_recall,3,0.7568795039383275,0.7555555555555555,0.0,0,0
improved_precision,3,0.7548453343601592,0.7547169811320755,0.0,0,0
prdc_precision,3,0.7548453343601592,0.7547169811320755,0.0,0,0
overlap_cosine_plus_pooled_cosine,3,0.7464638590740407,0.7407407407407407,0.0,0,0
chamfer_similarity,3,0.741149160366518,0.7415730337078652,0.0,0,0
hausdorff_similarity,3,0.7330030440837554,0.7027027027027027,0.0,0,0
dcd_similarity,3,0.7329516361774426,0.7272727272727273,0.0,0,0
cosine_pooled,3,0.7052410372798722,0.6857142857142857,0.0,0,0
point_fscore_global,3,0.6792929292929292,0.6666666666666666,0.0,0,0
geometry_score_similarity,3,0.6661830434251156,0.6732673267326733,0.0,0,0
authenticity_similarity,3,0.657233833704422,0.6554621848739496,0.0,0,0
persistence_bottleneck_similarity,3,0.6468736356167821,0.6440677966101694,0.0,0,0
