metric,method_type,n_datasets,mean_f1,median_f1,n_dataset_wins,n_strict_wins,n_tied_wins,family,primary_reference_or_provenance,implementation
overlap_cosine_plus_pooled_cosine,baseline,183,0.7507464,0.68125,13.333333333333332,13,1,Adaptive overlap,This work; local antecedents in Naeem et al. (2020),scripts/literature_metric_suite.py or scripts/run_overlap_metric_large_scale.py
energy_similarity,baseline,183,0.749754,0.6852086,8.666666666666668,8,2,Distribution distance,Energy distance / statistics literature,scripts/literature_metric_suite.py or scripts/run_overlap_metric_large_scale.py
local_scaling_affinity,baseline,183,0.74820113,0.68310505,7.833333333333333,6,4,Adaptive neighborhood,Zelnik-Manor and Perona (2004),scripts/literature_metric_suite.py or scripts/run_overlap_metric_large_scale.py
mmd_rbf_similarity,baseline,183,0.7470958,0.6751688,9.333333333333332,9,1,Kernel two-sample,Gretton et al. (2012),scripts/literature_metric_suite.py or scripts/run_overlap_metric_large_scale.py
overlap_euclidean_plus_pooled_euclidean,baseline,183,0.7467774,0.6828423,3.4027777777777777,3,3,Adaptive overlap,This work; local antecedents in Naeem et al. (2020),scripts/literature_metric_suite.py or scripts/run_overlap_metric_large_scale.py
overlap_cosine_sym,baseline,183,0.7452765,0.6886792,10.21111111111111,10,2,Adaptive overlap,This work; local antecedents in Naeem et al. (2020),scripts/literature_metric_suite.py or scripts/run_overlap_metric_large_scale.py
overlap_sym,baseline,183,0.74344856,0.6785714,3.1,3,1,Adaptive overlap,This work; local antecedents in Naeem et al. (2020),scripts/literature_metric_suite.py or scripts/run_overlap_metric_large_scale.py
overlap_f1,baseline,183,0.7433344,0.67773587,6.1,6,1,Adaptive overlap,This work; local antecedents in Naeem et al. (2020),scripts/literature_metric_suite.py or scripts/run_overlap_metric_large_scale.py
cosine_pooled,baseline,183,0.73920935,0.66976744,5.0,5,0,Pooled representation,Standard cosine similarity,scripts/literature_metric_suite.py or scripts/run_overlap_metric_large_scale.py
neg_euclidean_pooled,baseline,183,0.7386103,0.67068577,2.4027777777777777,2,3,Pooled representation,Standard Euclidean distance,scripts/literature_metric_suite.py or scripts/run_overlap_metric_large_scale.py
prdc_density_sym,baseline,183,0.7379295,0.670073,7.444444444444444,7,2,Fidelity/diversity,Naeem et al. (2020),scripts/literature_metric_suite.py or scripts/run_overlap_metric_large_scale.py
sliced_wasserstein_similarity,baseline,183,0.73681706,0.6738351,4.291666666666666,4,2,Optimal transport,Villani (2009); Cuturi (2013),scripts/literature_metric_suite.py or scripts/run_overlap_metric_large_scale.py
kid_polynomial_similarity,baseline,183,0.7357522,0.6681449,3.1,3,1,Kernel two-sample,Binkowski et al. (2018),scripts/literature_metric_suite.py or scripts/run_overlap_metric_large_scale.py
emd_wasserstein_similarity,baseline,183,0.7350177,0.6776046,1.125,1,1,Optimal transport,Villani (2009); Cuturi (2013),scripts/literature_metric_suite.py or scripts/run_overlap_metric_large_scale.py
coverage_sym_k5,baseline,183,0.73466444,0.6710051,1.3333333333333333,1,1,Fidelity/diversity,Naeem et al. (2020),scripts/literature_metric_suite.py or scripts/run_overlap_metric_large_scale.py
modified_hausdorff_similarity,baseline,183,0.7335332,0.6740088,1.4027777777777777,1,3,Point-set distance,Hausdorff / modified Hausdorff literature,scripts/literature_metric_suite.py or scripts/run_overlap_metric_large_scale.py
sinkhorn_divergence_similarity,baseline,183,0.73283714,0.67610323,3.125,3,1,Optimal transport,Cuturi (2013),scripts/literature_metric_suite.py or scripts/run_overlap_metric_large_scale.py
chamfer_similarity,baseline,183,0.73268354,0.67350155,7.125,7,1,Point-set distance,Fan et al. (2017),scripts/literature_metric_suite.py or scripts/run_overlap_metric_large_scale.py
prd_f1_max,baseline,183,0.72646993,0.6698565,4.0,4,0,Fidelity/diversity,Sajjadi et al. (2018),scripts/literature_metric_suite.py or scripts/run_overlap_metric_large_scale.py
c2st_similarity,baseline,183,0.72583985,0.6666667,5.0,5,0,Classifier two-sample test,Lopez-Paz and Oquab (2017),scripts/literature_metric_suite.py or scripts/run_overlap_metric_large_scale.py
prdc_f1,baseline,183,0.7251798,0.672168,3.4444444444444446,0,8,Fidelity/diversity,Naeem et al. (2020),scripts/literature_metric_suite.py or scripts/run_overlap_metric_large_scale.py
manifold_pr_f1,baseline,183,0.7251298,0.672168,4.444444444444445,1,8,Fidelity/diversity,Kynkäänniemi et al. (2019),scripts/literature_metric_suite.py or scripts/run_overlap_metric_large_scale.py
prc_f1,baseline,183,0.7244884,0.6684303,1.1111111111111112,1,1,Fidelity/diversity,Cheema and Urner (2023),scripts/literature_metric_suite.py or scripts/run_overlap_metric_large_scale.py
prdc_coverage,baseline,183,0.7238673,0.6703755,1.3333333333333333,1,1,Fidelity/diversity,Naeem et al. (2020),scripts/literature_metric_suite.py or scripts/run_overlap_metric_large_scale.py
clipped_coverage,baseline,183,0.72222406,0.6688963,0.3333333333333333,0,1,Fidelity/diversity,Naeem et al. (2020),scripts/literature_metric_suite.py or scripts/run_overlap_metric_large_scale.py
beta_recall_similarity,baseline,183,0.72067404,0.67207575,0.0,0,0,Fidelity/diversity,Alaa et al. (2022),scripts/literature_metric_suite.py or scripts/run_overlap_metric_large_scale.py
gaussian_frechet_similarity,baseline,133,0.71836317,0.6680614,6.125,6,1,Gaussian distribution distance,Heusel et al. (2017),scripts/literature_metric_suite.py or scripts/run_overlap_metric_large_scale.py
alpha_precision_similarity,baseline,183,0.71664935,0.66928107,0.0,0,0,Fidelity/diversity,Alaa et al. (2022),scripts/literature_metric_suite.py or scripts/run_overlap_metric_large_scale.py
best_buddies_similarity,baseline,183,0.7149945,0.6727829,7.333333333333333,7,1,Mutual nearest neighbors,Dekel et al. (2015),scripts/literature_metric_suite.py or scripts/run_overlap_metric_large_scale.py
prdc_density,baseline,183,0.7127758,0.6699507,1.5,1,1,Fidelity/diversity,Naeem et al. (2020),scripts/literature_metric_suite.py or scripts/run_overlap_metric_large_scale.py
prc_precision_cover,baseline,183,0.7123333,0.66714287,0.0,0,0,Fidelity/diversity,Cheema and Urner (2023),scripts/literature_metric_suite.py or scripts/run_overlap_metric_large_scale.py
clipped_density,baseline,183,0.71223533,0.6678322,0.1,0,1,Fidelity/diversity,Clipped Density and Coverage,scripts/literature_metric_suite.py or scripts/run_overlap_metric_large_scale.py
prc_recall_cover,baseline,183,0.7119327,0.6688172,1.0,1,0,Fidelity/diversity,Cheema and Urner (2023),scripts/literature_metric_suite.py or scripts/run_overlap_metric_large_scale.py
hausdorff95_similarity,baseline,183,0.70794886,0.66812545,0.5,0,1,Point-set distance,Hausdorff / modified Hausdorff literature,scripts/literature_metric_suite.py or scripts/run_overlap_metric_large_scale.py
dcd_similarity,baseline,183,0.70742834,0.6666667,5.0,5,0,Density-aware point-set,Wu et al. (2021),scripts/literature_metric_suite.py or scripts/run_overlap_metric_large_scale.py
prdc_recall,baseline,183,0.70289195,0.6686047,0.6,0,2,Fidelity/diversity,Naeem et al. (2020),scripts/literature_metric_suite.py or scripts/run_overlap_metric_large_scale.py
improved_recall,baseline,183,0.70280826,0.6684073,0.6,0,2,Fidelity/diversity,Kynkäänniemi et al. (2019),scripts/literature_metric_suite.py or scripts/run_overlap_metric_large_scale.py
improved_precision,baseline,183,0.7015504,0.66755676,0.6,0,2,Fidelity/diversity,Kynkäänniemi et al. (2019),scripts/literature_metric_suite.py or scripts/run_overlap_metric_large_scale.py
prdc_precision,baseline,183,0.7015504,0.66755676,0.6,0,2,Fidelity/diversity,Naeem et al. (2020),scripts/literature_metric_suite.py or scripts/run_overlap_metric_large_scale.py
hausdorff_similarity,baseline,183,0.70092654,0.6671114,0.6666666666666666,0,2,Point-set distance,Hausdorff / modified Hausdorff literature,scripts/literature_metric_suite.py or scripts/run_overlap_metric_large_scale.py
point_fscore_global,baseline,183,0.6828932,0.6666667,0.3333333333333333,0,1,Point-set coverage,Point-cloud F-score literature,scripts/literature_metric_suite.py or scripts/run_overlap_metric_large_scale.py
gromov_wasserstein_similarity,baseline,183,0.68070716,0.6666667,6.1,6,1,Optimal transport,Villani (2009); Cuturi (2013),scripts/literature_metric_suite.py or scripts/run_overlap_metric_large_scale.py
persistence_bottleneck_similarity,baseline,183,0.67614937,0.6659483,4.0,4,0,Topological,Persistent-homology bottleneck distance,scripts/literature_metric_suite.py or scripts/run_overlap_metric_large_scale.py
rank_overlap_f1,baseline,183,0.6753086,0.6666667,0.5,0,1,Adaptive overlap,This work; local antecedents in Naeem et al. (2020),scripts/literature_metric_suite.py or scripts/run_overlap_metric_large_scale.py
rank_overlap_sym,baseline,183,0.67519486,0.6666667,1.5,1,1,Adaptive overlap,This work; local antecedents in Naeem et al. (2020),scripts/literature_metric_suite.py or scripts/run_overlap_metric_large_scale.py
geometry_score_similarity,baseline,183,0.66614634,0.6657772,5.0,4,2,Topological,Khrulkov and Oseledets (2018),scripts/literature_metric_suite.py or scripts/run_overlap_metric_large_scale.py
authenticity_similarity,baseline,183,0.66401744,0.6666667,0.0,0,0,Fidelity/diversity,Alaa et al. (2022),scripts/literature_metric_suite.py or scripts/run_overlap_metric_large_scale.py
